#
# There is insufficient memory for the Java Runtime Environment to continue.
# Native memory allocation (mmap) failed to map 92274688 bytes. Error detail: G1 virtual space
# Possible reasons:
#   The system is out of physical RAM or swap space
#   This process is running with CompressedOops enabled, and the Java Heap may be blocking the growth of the native heap
# Possible solutions:
#   Reduce memory load on the system
#   Increase physical memory or swap space
#   Check if swap backing store is full
#   Decrease Java heap size (-Xmx/-Xms)
#   Decrease number of Java threads
#   Decrease Java thread stack sizes (-Xss)
#   Set larger code cache with -XX:ReservedCodeCacheSize=
#   JVM is running with Zero Based Compressed Oops mode in which the Java heap is
#     placed in the first 32GB address space. The Java Heap base address is the
#     maximum limit for the native heap growth. Please use -XX:HeapBaseMinAddress
#     to set the Java Heap base and to place the Java Heap above 32GB virtual address.
# This output file may be truncated or incomplete.
#
#  Out of Memory Error (os_windows.cpp:3732), pid=27888, tid=15532
#
# JRE version: OpenJDK Runtime Environment Temurin-21.0.12.1+1 (21.0.12.1+1) (build 21.0.12.1+1-LTS)
# Java VM: OpenJDK 64-Bit Server VM Temurin-21.0.12.1+1 (21.0.12.1+1-LTS, mixed mode, sharing, tiered, compressed oops, compressed class ptrs, g1 gc, windows-amd64)
# No core dump will be written. Minidumps are not enabled by default on client versions of Windows
#

---------------  S U M M A R Y ------------

Command Line: --add-opens=java.base/java.lang=ALL-UNNAMED --add-opens=java.base/java.lang.invoke=ALL-UNNAMED --add-opens=java.base/java.util=ALL-UNNAMED --add-opens=java.prefs/java.util.prefs=ALL-UNNAMED --add-exports=jdk.compiler/com.sun.tools.javac.api=ALL-UNNAMED --add-exports=jdk.compiler/com.sun.tools.javac.util=ALL-UNNAMED --add-opens=java.base/java.util=ALL-UNNAMED --add-opens=java.prefs/java.util.prefs=ALL-UNNAMED --add-opens=java.base/java.nio.charset=ALL-UNNAMED --add-opens=java.base/java.net=ALL-UNNAMED --add-opens=java.base/java.util.concurrent.atomic=ALL-UNNAMED --add-opens=java.xml/javax.xml.namespace=ALL-UNNAMED -XX:MaxMetaspaceSize=4G -XX:ReservedCodeCacheSize=512m -XX:+HeapDumpOnOutOfMemoryError -Xmx8G -Dfile.encoding=UTF-8 -Duser.country=IN -Duser.language=en -Duser.variant -javaagent:C:\Users\Ridhima Karpoor\.gradle\wrapper\dists\gradle-8.12-all\ejduaidbjup3bmmkhw3rie4zb\gradle-8.12\lib\agents\gradle-instrumentation-agent-8.12.jar org.gradle.launcher.daemon.bootstrap.GradleDaemon 8.12

Host: 12th Gen Intel(R) Core(TM) i5-1235U, 12 cores, 7G,  Windows 11 , 64 bit Build 26100 (10.0.26100.9168)
Time: Sat Sep  5 15:04:03 2026 India Standard Time elapsed time: 105.468268 seconds (0d 0h 1m 45s)

---------------  T H R E A D  ---------------

Current thread (0x000001de7d6bb4c0):  VMThread "VM Thread"          [id=15532, stack(0x0000007237400000,0x0000007237500000) (1024K)]

Stack: [0x0000007237400000,0x0000007237500000]
Native frames: (J=compiled Java code, j=interpreted, Vv=VM code, C=native code)
V  [jvm.dll+0x6d83e9]
V  [jvm.dll+0x8b5736]
V  [jvm.dll+0x8b7cee]
V  [jvm.dll+0x8b83d3]
V  [jvm.dll+0x284596]
V  [jvm.dll+0x6d4d05]
V  [jvm.dll+0x6c898a]
V  [jvm.dll+0x35f2f8]
V  [jvm.dll+0x366f36]
V  [jvm.dll+0x3b804e]
V  [jvm.dll+0x3b82f8]
V  [jvm.dll+0x33320c]
V  [jvm.dll+0x33329a]
V  [jvm.dll+0x377382]
V  [jvm.dll+0x375b1a]
V  [jvm.dll+0x332951]
V  [jvm.dll+0x37517a]
V  [jvm.dll+0x8be0c0]
V  [jvm.dll+0x8bf434]
V  [jvm.dll+0x8bf960]
V  [jvm.dll+0x8bfc03]
V  [jvm.dll+0x8600cd]
V  [jvm.dll+0x6d6c1d]
C  [ucrtbase.dll+0x2cd30]
C  [KERNEL32.DLL+0x2ccb7]
C  [ntdll.dll+0xaad6c]

VM_Operation (0x000000723fffdbc0): G1CollectForAllocation, mode: safepoint, requested by thread 0x000001de74598ab0


---------------  P R O C E S S  ---------------

Threads class SMR info:
_java_thread_list=0x000001de84df3f90, length=190, elements={
0x000001de77b9fc40, 0x000001de7d6d7990, 0x000001de7d6d8000, 0x000001de7d6db950,
0x000001de7d6dc460, 0x000001de7d6e1280, 0x000001de7d6e21c0, 0x000001de7d6f05e0,
0x000001de7d6f4dd0, 0x000001de28402640, 0x000001de283f1130, 0x000001de6eb1b5f0,
0x000001de6eeffe30, 0x000001de6ee29770, 0x000001de6ee28e70, 0x000001de6ee27760,
0x000001de6eff2b50, 0x000001de6eff75b0, 0x000001de6f003b80, 0x000001de6f005c50,
0x000001de6f004f30, 0x000001de6f0055c0, 0x000001de6f0062e0, 0x000001de6f004210,
0x000001de6f0034f0, 0x000001de6f006970, 0x000001de6f421df0, 0x000001de6f41fd20,
0x000001de6f4203b0, 0x000001de6f421760, 0x000001de6f422480, 0x000001de6f41f000,
0x000001de6f425900, 0x000001de6f424be0, 0x000001de6f4231a0, 0x000001de6f423830,
0x000001de6f426620, 0x000001de70b9a2b0, 0x000001de70b98f00, 0x000001de70b9a940,
0x000001de70b9afd0, 0x000001de70b99590, 0x000001de70b9bcf0, 0x000001de70b9b660,
0x000001de70b98870, 0x000001de70b9c380, 0x000001de70b9ca10, 0x000001de70b9d0a0,
0x000001de70b99c20, 0x000001de70b9f800, 0x000001de70b9d730, 0x000001de70b9ddc0,
0x000001de70b9e450, 0x000001de70b9eae0, 0x000001de70b9f170, 0x000001de70b9fe90,
0x000001de2831db20, 0x000001de2831ce00, 0x000001de2831c0e0, 0x000001de2831d490,
0x000001de2831e1b0, 0x000001de2831e840, 0x000001de2831b3c0, 0x000001de2831eed0,
0x000001de2831c770, 0x000001de2831ba50, 0x000001de28320fa0, 0x000001de2831fbf0,
0x000001de28321630, 0x000001de72e7afb0, 0x000001de72e78850, 0x000001de72e7b640,
0x000001de72e79c00, 0x000001de72e7bcd0, 0x000001de72e7c360, 0x000001de72e78ee0,
0x000001de72e7c9f0, 0x000001de72e79570, 0x000001de72e7d080, 0x000001de72e7d710,
0x000001de72e7a290, 0x000001de72e7dda0, 0x000001de72e7a920, 0x000001de72e7e430,
0x000001de72e7eac0, 0x000001de72e7f150, 0x000001de72e7f7e0, 0x000001de72ed27b0,
0x000001de72ed1400, 0x000001de72ed0d70, 0x000001de72ed2e40, 0x000001de72ed0050,
0x000001de72ecf9c0, 0x000001de72ed3b60, 0x000001de72ed1a90, 0x000001de72ed2120,
0x000001de72ed34d0, 0x000001de72ed06e0, 0x000001de72ed62c0, 0x000001de72ed6950,
0x000001de72ed6fe0, 0x000001de72ed41f0, 0x000001de72ed4880, 0x000001de72ed4f10,
0x000001de72ed5c30, 0x000001de72ed55a0, 0x000001de725f4e90, 0x000001de725f4170,
0x000001de725f7c80, 0x000001de725f5520, 0x000001de725f6f60, 0x000001de725f68d0,
0x000001de725f5bb0, 0x000001de725f75f0, 0x000001de725f4800, 0x000001de725f8310,
0x000001de725f89a0, 0x000001de725faa70, 0x000001de725fa3e0, 0x000001de725f9d50,
0x000001de725fb100, 0x000001de725fb790, 0x000001de74599e60, 0x000001de74598420,
0x000001de74599140, 0x000001de74597070, 0x000001de74597700, 0x000001de74598ab0,
0x000001de7459ab80, 0x000001de7459b210, 0x000001de74597d90, 0x000001de7459b8a0,
0x000001de7459cc50, 0x000001de7459d970, 0x000001de7459e000, 0x000001de7459bf30,
0x000001de7459d2e0, 0x000001de7459e690, 0x000001de725f96c0, 0x000001de72af6510,
0x000001de72af6ba0, 0x000001de72af7230, 0x000001de72af78c0, 0x000001de72af7f50,
0x000001de72af8c70, 0x000001de72af9300, 0x000001de72afba60, 0x000001de72af9990,
0x000001de72afa020, 0x000001de72afa6b0, 0x000001de72afad40, 0x000001de72af85e0,
0x000001de72afd4a0, 0x000001de72afb3d0, 0x000001de72afc780, 0x000001de72afc0f0,
0x000001de72465e90, 0x000001de7246e860, 0x000001de72470930, 0x000001de72472a00,
0x000001de72472370, 0x000001de72473090, 0x000001de7246fc10, 0x000001de72473720,
0x000001de724702a0, 0x000001de72473db0, 0x000001de72474440, 0x000001de72474ad0,
0x000001de72475160, 0x000001de6f425f90, 0x000001de7164c5a0, 0x000001de7164d950,
0x000001de7164dfe0, 0x000001de7164d2c0, 0x000001de7164cc30, 0x000001de7164bf10,
0x000001de7164f390, 0x000001de7164ed00, 0x000001de7164fa20, 0x000001de71655600,
0x000001de71654250, 0x000001de71652ea0, 0x000001de71652810, 0x000001de71654f70,
0x000001de71657040, 0x000001de71658a80, 0x000001de71659110, 0x000001de716583f0,
0x000001de716597a0, 0x000001de719125a0
}

Java Threads: ( => current thread )
  0x000001de77b9fc40 JavaThread "main"                              [_thread_blocked, id=16164, stack(0x0000007236d00000,0x0000007236e00000) (1024K)]
  0x000001de7d6d7990 JavaThread "Reference Handler"          daemon [_thread_blocked, id=28908, stack(0x0000007237500000,0x0000007237600000) (1024K)]
  0x000001de7d6d8000 JavaThread "Finalizer"                  daemon [_thread_blocked, id=23020, stack(0x0000007237600000,0x0000007237700000) (1024K)]
  0x000001de7d6db950 JavaThread "Signal Dispatcher"          daemon [_thread_blocked, id=2276, stack(0x0000007237700000,0x0000007237800000) (1024K)]
  0x000001de7d6dc460 JavaThread "Attach Listener"            daemon [_thread_blocked, id=5292, stack(0x0000007237800000,0x0000007237900000) (1024K)]
  0x000001de7d6e1280 JavaThread "Service Thread"             daemon [_thread_blocked, id=9940, stack(0x0000007237900000,0x0000007237a00000) (1024K)]
  0x000001de7d6e21c0 JavaThread "Monitor Deflation Thread"   daemon [_thread_blocked, id=17560, stack(0x0000007237a00000,0x0000007237b00000) (1024K)]
  0x000001de7d6f05e0 JavaThread "C2 CompilerThread0"         daemon [_thread_blocked, id=26848, stack(0x0000007237b00000,0x0000007237c00000) (1024K)]
  0x000001de7d6f4dd0 JavaThread "C1 CompilerThread0"         daemon [_thread_blocked, id=25512, stack(0x0000007237c00000,0x0000007237d00000) (1024K)]
  0x000001de28402640 JavaThread "Common-Cleaner"             daemon [_thread_blocked, id=12768, stack(0x0000007237d00000,0x0000007237e00000) (1024K)]
  0x000001de283f1130 JavaThread "Notification Thread"        daemon [_thread_blocked, id=15784, stack(0x0000007237e00000,0x0000007237f00000) (1024K)]
  0x000001de6eb1b5f0 JavaThread "Daemon health stats"               [_thread_blocked, id=28252, stack(0x0000007238500000,0x0000007238600000) (1024K)]
  0x000001de6eeffe30 JavaThread "Incoming local TCP Connector on port 56534"        [_thread_in_native, id=24968, stack(0x0000007238600000,0x0000007238700000) (1024K)]
  0x000001de6ee29770 JavaThread "Daemon periodic checks"            [_thread_blocked, id=27856, stack(0x0000007238700000,0x0000007238800000) (1024K)]
  0x000001de6ee28e70 JavaThread "Daemon"                            [_thread_blocked, id=26928, stack(0x0000007238800000,0x0000007238900000) (1024K)]
  0x000001de6ee27760 JavaThread "Handler for socket connection from /127.0.0.1:56534 to /127.0.0.1:56535"        [_thread_in_native, id=22976, stack(0x0000007238900000,0x0000007238a00000) (1024K)]
  0x000001de6eff2b50 JavaThread "Cancel handler"                    [_thread_blocked, id=27424, stack(0x0000007238a00000,0x0000007238b00000) (1024K)]
  0x000001de6eff75b0 JavaThread "Daemon worker"                     [_thread_blocked, id=29512, stack(0x0000007238b00000,0x0000007238c00000) (1024K)]
  0x000001de6f003b80 JavaThread "Asynchronous log dispatcher for DefaultDaemonConnection: socket connection from /127.0.0.1:56534 to /127.0.0.1:56535"        [_thread_blocked, id=16972, stack(0x0000007238c00000,0x0000007238d00000) (1024K)]
  0x000001de6f005c50 JavaThread "Stdin handler"                     [_thread_blocked, id=15060, stack(0x0000007238d00000,0x0000007238e00000) (1024K)]
  0x000001de6f004f30 JavaThread "Daemon client event forwarder"        [_thread_blocked, id=15132, stack(0x0000007238e00000,0x0000007238f00000) (1024K)]
  0x000001de6f0055c0 JavaThread "Cache worker for journal cache (C:\Users\Ridhima Karpoor\.gradle\caches\journal-1)"        [_thread_blocked, id=16908, stack(0x0000007238100000,0x0000007238200000) (1024K)]
  0x000001de6f0062e0 JavaThread "File lock request listener"        [_thread_in_native, id=29708, stack(0x0000007238f00000,0x0000007239000000) (1024K)]
  0x000001de6f004210 JavaThread "Cache worker for file hash cache (C:\Users\Ridhima Karpoor\.gradle\caches\8.12\fileHashes)"        [_thread_blocked, id=30156, stack(0x0000007239000000,0x0000007239100000) (1024K)]
  0x000001de6f0034f0 JavaThread "File lock release action executor"        [_thread_blocked, id=30596, stack(0x0000007239100000,0x0000007239200000) (1024K)]
  0x000001de6f006970 JavaThread "Cache worker for file hash cache (D:\bit by bit\Reflexes\patient_app\android\.gradle\8.12\fileHashes)"        [_thread_blocked, id=29692, stack(0x0000007239800000,0x0000007239900000) (1024K)]
  0x000001de6f421df0 JavaThread "Cache worker for Build Output Cleanup Cache (D:\bit by bit\Reflexes\patient_app\android\.gradle\buildOutputCleanup)"        [_thread_blocked, id=29584, stack(0x0000007239900000,0x0000007239a00000) (1024K)]
  0x000001de6f41fd20 JavaThread "File watcher server"        daemon [_thread_in_native, id=28588, stack(0x0000007239a00000,0x0000007239b00000) (1024K)]
  0x000001de6f4203b0 JavaThread "File watcher consumer"      daemon [_thread_blocked, id=5408, stack(0x0000007239b00000,0x0000007239c00000) (1024K)]
  0x000001de6f421760 JavaThread "Cache worker for checksums cache (D:\bit by bit\Reflexes\patient_app\android\.gradle\8.12\checksums)"        [_thread_blocked, id=26892, stack(0x0000007239d00000,0x0000007239e00000) (1024K)]
  0x000001de6f422480 JavaThread "Cache worker for file content cache (C:\Users\Ridhima Karpoor\.gradle\caches\8.12\fileContent)"        [_thread_blocked, id=28344, stack(0x0000007239e00000,0x0000007239f00000) (1024K)]
  0x000001de6f41f000 JavaThread "Cache worker for cache directory md-rule (C:\Users\Ridhima Karpoor\.gradle\caches\8.12\md-rule)"        [_thread_blocked, id=17172, stack(0x0000007239f00000,0x000000723a000000) (1024K)]
  0x000001de6f425900 JavaThread "Cache worker for cache directory md-supplier (C:\Users\Ridhima Karpoor\.gradle\caches\8.12\md-supplier)"        [_thread_blocked, id=28116, stack(0x000000723a000000,0x000000723a100000) (1024K)]
  0x000001de6f424be0 JavaThread "Cache worker for Build Output Cleanup Cache (C:\Flutter downloads\flutter_windows_3.24.3-stable\flutter\packages\flutter_tools\gradle\.gradle\buildOutputCleanup)"        [_thread_blocked, id=30528, stack(0x0000007239c00000,0x0000007239d00000) (1024K)]
  0x000001de6f4231a0 JavaThread "Unconstrained build operations"        [_thread_blocked, id=26996, stack(0x000000723a100000,0x000000723a200000) (1024K)]
  0x000001de6f423830 JavaThread "Unconstrained build operations Thread 2"        [_thread_blocked, id=25852, stack(0x000000723a200000,0x000000723a300000) (1024K)]
  0x000001de6f426620 JavaThread "Unconstrained build operations Thread 3"        [_thread_blocked, id=13912, stack(0x000000723a300000,0x000000723a400000) (1024K)]
  0x000001de70b9a2b0 JavaThread "Unconstrained build operations Thread 4"        [_thread_blocked, id=19836, stack(0x000000723a400000,0x000000723a500000) (1024K)]
  0x000001de70b98f00 JavaThread "Unconstrained build operations Thread 5"        [_thread_blocked, id=29388, stack(0x000000723a500000,0x000000723a600000) (1024K)]
  0x000001de70b9a940 JavaThread "Unconstrained build operations Thread 6"        [_thread_blocked, id=26528, stack(0x000000723a600000,0x000000723a700000) (1024K)]
  0x000001de70b9afd0 JavaThread "Unconstrained build operations Thread 7"        [_thread_blocked, id=27724, stack(0x000000723a700000,0x000000723a800000) (1024K)]
  0x000001de70b99590 JavaThread "Unconstrained build operations Thread 8"        [_thread_blocked, id=9364, stack(0x000000723a800000,0x000000723a900000) (1024K)]
  0x000001de70b9bcf0 JavaThread "Unconstrained build operations Thread 9"        [_thread_blocked, id=22684, stack(0x000000723a900000,0x000000723aa00000) (1024K)]
  0x000001de70b9b660 JavaThread "Unconstrained build operations Thread 10"        [_thread_blocked, id=18608, stack(0x000000723aa00000,0x000000723ab00000) (1024K)]
  0x000001de70b98870 JavaThread "Unconstrained build operations Thread 11"        [_thread_blocked, id=23244, stack(0x000000723ab00000,0x000000723ac00000) (1024K)]
  0x000001de70b9c380 JavaThread "Unconstrained build operations Thread 12"        [_thread_blocked, id=6884, stack(0x000000723ac00000,0x000000723ad00000) (1024K)]
  0x000001de70b9ca10 JavaThread "Unconstrained build operations Thread 13"        [_thread_blocked, id=8384, stack(0x000000723ad00000,0x000000723ae00000) (1024K)]
  0x000001de70b9d0a0 JavaThread "Unconstrained build operations Thread 14"        [_thread_blocked, id=25452, stack(0x000000723ae00000,0x000000723af00000) (1024K)]
  0x000001de70b99c20 JavaThread "Unconstrained build operations Thread 15"        [_thread_blocked, id=15876, stack(0x000000723af00000,0x000000723b000000) (1024K)]
  0x000001de70b9f800 JavaThread "Unconstrained build operations Thread 16"        [_thread_blocked, id=25324, stack(0x000000723b000000,0x000000723b100000) (1024K)]
  0x000001de70b9d730 JavaThread "Unconstrained build operations Thread 17"        [_thread_blocked, id=6680, stack(0x000000723b100000,0x000000723b200000) (1024K)]
  0x000001de70b9ddc0 JavaThread "Unconstrained build operations Thread 18"        [_thread_blocked, id=16156, stack(0x000000723b200000,0x000000723b300000) (1024K)]
  0x000001de70b9e450 JavaThread "Unconstrained build operations Thread 19"        [_thread_blocked, id=2268, stack(0x000000723b300000,0x000000723b400000) (1024K)]
  0x000001de70b9eae0 JavaThread "Unconstrained build operations Thread 20"        [_thread_blocked, id=13704, stack(0x000000723b400000,0x000000723b500000) (1024K)]
  0x000001de70b9f170 JavaThread "Unconstrained build operations Thread 21"        [_thread_blocked, id=1264, stack(0x000000723b500000,0x000000723b600000) (1024K)]
  0x000001de70b9fe90 JavaThread "Unconstrained build operations Thread 22"        [_thread_blocked, id=27524, stack(0x000000723b600000,0x000000723b700000) (1024K)]
  0x000001de2831db20 JavaThread "Unconstrained build operations Thread 23"        [_thread_blocked, id=29736, stack(0x000000723b700000,0x000000723b800000) (1024K)]
  0x000001de2831ce00 JavaThread "Unconstrained build operations Thread 24"        [_thread_blocked, id=18340, stack(0x000000723b800000,0x000000723b900000) (1024K)]
  0x000001de2831c0e0 JavaThread "Unconstrained build operations Thread 25"        [_thread_blocked, id=28664, stack(0x000000723b900000,0x000000723ba00000) (1024K)]
  0x000001de2831d490 JavaThread "Unconstrained build operations Thread 26"        [_thread_blocked, id=16176, stack(0x000000723ba00000,0x000000723bb00000) (1024K)]
  0x000001de2831e1b0 JavaThread "Unconstrained build operations Thread 27"        [_thread_blocked, id=1384, stack(0x000000723bb00000,0x000000723bc00000) (1024K)]
  0x000001de2831e840 JavaThread "Unconstrained build operations Thread 28"        [_thread_blocked, id=27056, stack(0x000000723bc00000,0x000000723bd00000) (1024K)]
  0x000001de2831b3c0 JavaThread "Unconstrained build operations Thread 29"        [_thread_blocked, id=30660, stack(0x000000723bd00000,0x000000723be00000) (1024K)]
  0x000001de2831eed0 JavaThread "Unconstrained build operations Thread 30"        [_thread_blocked, id=6552, stack(0x000000723be00000,0x000000723bf00000) (1024K)]
  0x000001de2831c770 JavaThread "Unconstrained build operations Thread 31"        [_thread_blocked, id=27520, stack(0x000000723bf00000,0x000000723c000000) (1024K)]
  0x000001de2831ba50 JavaThread "Unconstrained build operations Thread 32"        [_thread_blocked, id=25744, stack(0x000000723c000000,0x000000723c100000) (1024K)]
  0x000001de28320fa0 JavaThread "Unconstrained build operations Thread 33"        [_thread_blocked, id=3568, stack(0x000000723c100000,0x000000723c200000) (1024K)]
  0x000001de2831fbf0 JavaThread "Memory manager"                    [_thread_blocked, id=1492, stack(0x000000723c200000,0x000000723c300000) (1024K)]
  0x000001de28321630 JavaThread "build event listener"              [_thread_blocked, id=23836, stack(0x000000723c300000,0x000000723c400000) (1024K)]
  0x000001de72e7afb0 JavaThread "included builds"                   [_thread_blocked, id=27892, stack(0x000000723c500000,0x000000723c600000) (1024K)]
  0x000001de72e78850 JavaThread "Execution worker"                  [_thread_blocked, id=6496, stack(0x000000723c600000,0x000000723c700000) (1024K)]
  0x000001de72e7b640 JavaThread "Execution worker Thread 2"         [_thread_blocked, id=7972, stack(0x000000723c700000,0x000000723c800000) (1024K)]
  0x000001de72e79c00 JavaThread "Execution worker Thread 3"         [_thread_blocked, id=26672, stack(0x000000723c800000,0x000000723c900000) (1024K)]
  0x000001de72e7bcd0 JavaThread "Execution worker Thread 4"         [_thread_blocked, id=8204, stack(0x000000723c900000,0x000000723ca00000) (1024K)]
  0x000001de72e7c360 JavaThread "Execution worker Thread 5"         [_thread_blocked, id=29208, stack(0x000000723ca00000,0x000000723cb00000) (1024K)]
  0x000001de72e78ee0 JavaThread "Execution worker Thread 6"         [_thread_blocked, id=30248, stack(0x000000723cb00000,0x000000723cc00000) (1024K)]
  0x000001de72e7c9f0 JavaThread "Execution worker Thread 7"         [_thread_blocked, id=22856, stack(0x000000723cc00000,0x000000723cd00000) (1024K)]
  0x000001de72e79570 JavaThread "Execution worker Thread 8"         [_thread_blocked, id=23180, stack(0x000000723cd00000,0x000000723ce00000) (1024K)]
  0x000001de72e7d080 JavaThread "Execution worker Thread 9"         [_thread_blocked, id=10808, stack(0x000000723ce00000,0x000000723cf00000) (1024K)]
  0x000001de72e7d710 JavaThread "Execution worker Thread 10"        [_thread_blocked, id=29680, stack(0x000000723cf00000,0x000000723d000000) (1024K)]
  0x000001de72e7a290 JavaThread "Execution worker Thread 11"        [_thread_blocked, id=6152, stack(0x000000723d000000,0x000000723d100000) (1024K)]
  0x000001de72e7dda0 JavaThread "Cache worker for execution history cache (C:\Flutter downloads\flutter_windows_3.24.3-stable\flutter\packages\flutter_tools\gradle\.gradle\8.12\executionHistory)"        [_thread_blocked, id=6980, stack(0x000000723c400000,0x000000723c500000) (1024K)]
  0x000001de72e7a920 JavaThread "Unconstrained build operations Thread 34"        [_thread_blocked, id=28940, stack(0x000000723d200000,0x000000723d300000) (1024K)]
  0x000001de72e7e430 JavaThread "Unconstrained build operations Thread 35"        [_thread_blocked, id=10048, stack(0x000000723d300000,0x000000723d400000) (1024K)]
  0x000001de72e7eac0 JavaThread "Unconstrained build operations Thread 36"        [_thread_blocked, id=15224, stack(0x000000723d400000,0x000000723d500000) (1024K)]
  0x000001de72e7f150 JavaThread "Unconstrained build operations Thread 37"        [_thread_blocked, id=30128, stack(0x000000723d500000,0x000000723d600000) (1024K)]
  0x000001de72e7f7e0 JavaThread "Unconstrained build operations Thread 38"        [_thread_blocked, id=26188, stack(0x000000723d600000,0x000000723d700000) (1024K)]
  0x000001de72ed27b0 JavaThread "Unconstrained build operations Thread 39"        [_thread_blocked, id=3224, stack(0x000000723d700000,0x000000723d800000) (1024K)]
  0x000001de72ed1400 JavaThread "Unconstrained build operations Thread 40"        [_thread_blocked, id=25168, stack(0x000000723d800000,0x000000723d900000) (1024K)]
  0x000001de72ed0d70 JavaThread "Unconstrained build operations Thread 41"        [_thread_blocked, id=28796, stack(0x000000723d900000,0x000000723da00000) (1024K)]
  0x000001de72ed2e40 JavaThread "Unconstrained build operations Thread 42"        [_thread_blocked, id=24812, stack(0x000000723da00000,0x000000723db00000) (1024K)]
  0x000001de72ed0050 JavaThread "Unconstrained build operations Thread 43"        [_thread_blocked, id=15228, stack(0x000000723db00000,0x000000723dc00000) (1024K)]
  0x000001de72ecf9c0 JavaThread "Unconstrained build operations Thread 44"        [_thread_blocked, id=15984, stack(0x000000723dc00000,0x000000723dd00000) (1024K)]
  0x000001de72ed3b60 JavaThread "Unconstrained build operations Thread 45"        [_thread_blocked, id=29728, stack(0x000000723d100000,0x000000723d200000) (1024K)]
  0x000001de72ed1a90 JavaThread "Unconstrained build operations Thread 46"        [_thread_blocked, id=15872, stack(0x000000723dd00000,0x000000723de00000) (1024K)]
  0x000001de72ed2120 JavaThread "Unconstrained build operations Thread 47"        [_thread_blocked, id=14700, stack(0x000000723de00000,0x000000723df00000) (1024K)]
  0x000001de72ed34d0 JavaThread "Unconstrained build operations Thread 48"        [_thread_blocked, id=12372, stack(0x000000723df00000,0x000000723e000000) (1024K)]
  0x000001de72ed06e0 JavaThread "Unconstrained build operations Thread 49"        [_thread_blocked, id=28020, stack(0x000000723e000000,0x000000723e100000) (1024K)]
  0x000001de72ed62c0 JavaThread "Unconstrained build operations Thread 50"        [_thread_blocked, id=24512, stack(0x000000723e100000,0x000000723e200000) (1024K)]
  0x000001de72ed6950 JavaThread "Unconstrained build operations Thread 51"        [_thread_blocked, id=7624, stack(0x000000723e200000,0x000000723e300000) (1024K)]
  0x000001de72ed6fe0 JavaThread "Unconstrained build operations Thread 52"        [_thread_blocked, id=22584, stack(0x000000723e300000,0x000000723e400000) (1024K)]
  0x000001de72ed41f0 JavaThread "Unconstrained build operations Thread 53"        [_thread_blocked, id=30552, stack(0x000000723e400000,0x000000723e500000) (1024K)]
  0x000001de72ed4880 JavaThread "Unconstrained build operations Thread 54"        [_thread_blocked, id=13980, stack(0x000000723e500000,0x000000723e600000) (1024K)]
  0x000001de72ed4f10 JavaThread "Unconstrained build operations Thread 55"        [_thread_blocked, id=25084, stack(0x000000723e600000,0x000000723e700000) (1024K)]
  0x000001de72ed5c30 JavaThread "Unconstrained build operations Thread 56"        [_thread_blocked, id=9688, stack(0x000000723e700000,0x000000723e800000) (1024K)]
  0x000001de72ed55a0 JavaThread "Unconstrained build operations Thread 57"        [_thread_blocked, id=17148, stack(0x000000723e800000,0x000000723e900000) (1024K)]
  0x000001de725f4e90 JavaThread "Unconstrained build operations Thread 58"        [_thread_blocked, id=27040, stack(0x000000723e900000,0x000000723ea00000) (1024K)]
  0x000001de725f4170 JavaThread "Unconstrained build operations Thread 59"        [_thread_blocked, id=30700, stack(0x000000723ea00000,0x000000723eb00000) (1024K)]
  0x000001de725f7c80 JavaThread "Unconstrained build operations Thread 60"        [_thread_blocked, id=5832, stack(0x000000723eb00000,0x000000723ec00000) (1024K)]
  0x000001de725f5520 JavaThread "Unconstrained build operations Thread 61"        [_thread_blocked, id=27604, stack(0x000000723ed00000,0x000000723ee00000) (1024K)]
  0x000001de725f6f60 JavaThread "Unconstrained build operations Thread 62"        [_thread_blocked, id=26180, stack(0x000000723ee00000,0x000000723ef00000) (1024K)]
  0x000001de725f68d0 JavaThread "Unconstrained build operations Thread 63"        [_thread_blocked, id=5768, stack(0x000000723ef00000,0x000000723f000000) (1024K)]
  0x000001de725f5bb0 JavaThread "Unconstrained build operations Thread 64"        [_thread_blocked, id=28596, stack(0x000000723f000000,0x000000723f100000) (1024K)]
  0x000001de725f75f0 JavaThread "Unconstrained build operations Thread 65"        [_thread_blocked, id=26628, stack(0x000000723f100000,0x000000723f200000) (1024K)]
  0x000001de725f4800 JavaThread "Unconstrained build operations Thread 66"        [_thread_blocked, id=6764, stack(0x000000723f200000,0x000000723f300000) (1024K)]
  0x000001de725f8310 JavaThread "Unconstrained build operations Thread 67"        [_thread_blocked, id=29012, stack(0x000000723f300000,0x000000723f400000) (1024K)]
  0x000001de725f89a0 JavaThread "Unconstrained build operations Thread 68"        [_thread_blocked, id=396, stack(0x000000723f400000,0x000000723f500000) (1024K)]
  0x000001de725faa70 JavaThread "WorkerExecutor Queue"              [_thread_blocked, id=17420, stack(0x000000723f500000,0x000000723f600000) (1024K)]
  0x000001de725fa3e0 JavaThread "RMI Scheduler(0)"           daemon [_thread_blocked, id=29536, stack(0x000000723f600000,0x000000723f700000) (1024K)]
  0x000001de725f9d50 JavaThread "RMI GC Daemon"              daemon [_thread_blocked, id=13316, stack(0x000000723f800000,0x000000723f900000) (1024K)]
  0x000001de725fb100 JavaThread "RMI TCP Accept-0"           daemon [_thread_in_native, id=24944, stack(0x000000723ec00000,0x000000723ed00000) (1024K)]
  0x000001de725fb790 JavaThread "RMI Reaper"                        [_thread_blocked, id=27588, stack(0x000000723f900000,0x000000723fa00000) (1024K)]
  0x000001de74599e60 JavaThread "RMI TCP Connection(idle)"   daemon [_thread_blocked, id=23236, stack(0x000000723fa00000,0x000000723fb00000) (1024K)]
  0x000001de74598420 JavaThread "Unconstrained build operations Thread 69"        [_thread_blocked, id=27936, stack(0x000000723f700000,0x000000723f800000) (1024K)]
  0x000001de74599140 JavaThread "Unconstrained build operations Thread 70"        [_thread_blocked, id=29740, stack(0x000000723fc00000,0x000000723fd00000) (1024K)]
  0x000001de74597070 JavaThread "Unconstrained build operations Thread 71"        [_thread_blocked, id=13160, stack(0x000000723fd00000,0x000000723fe00000) (1024K)]
  0x000001de74597700 JavaThread "Unconstrained build operations Thread 72"        [_thread_blocked, id=17896, stack(0x000000723fe00000,0x000000723ff00000) (1024K)]
  0x000001de74598ab0 JavaThread "Unconstrained build operations Thread 73"        [_thread_blocked, id=27756, stack(0x000000723ff00000,0x0000007240000000) (1024K)]
  0x000001de7459ab80 JavaThread "Unconstrained build operations Thread 74"        [_thread_blocked, id=11004, stack(0x0000007240000000,0x0000007240100000) (1024K)]
  0x000001de7459b210 JavaThread "Unconstrained build operations Thread 75"        [_thread_blocked, id=17536, stack(0x0000007240100000,0x0000007240200000) (1024K)]
  0x000001de74597d90 JavaThread "Unconstrained build operations Thread 76"        [_thread_blocked, id=11432, stack(0x0000007240200000,0x0000007240300000) (1024K)]
  0x000001de7459b8a0 JavaThread "Unconstrained build operations Thread 77"        [_thread_blocked, id=22800, stack(0x0000007240300000,0x0000007240400000) (1024K)]
  0x000001de7459cc50 JavaThread "Unconstrained build operations Thread 78"        [_thread_blocked, id=24804, stack(0x0000007240400000,0x0000007240500000) (1024K)]
  0x000001de7459d970 JavaThread "Unconstrained build operations Thread 79"        [_thread_blocked, id=28416, stack(0x0000007240500000,0x0000007240600000) (1024K)]
  0x000001de7459e000 JavaThread "Unconstrained build operations Thread 80"        [_thread_blocked, id=16424, stack(0x0000007240600000,0x0000007240700000) (1024K)]
  0x000001de7459bf30 JavaThread "Unconstrained build operations Thread 81"        [_thread_blocked, id=29888, stack(0x0000007240700000,0x0000007240800000) (1024K)]
  0x000001de7459d2e0 JavaThread "Unconstrained build operations Thread 82"        [_thread_blocked, id=23628, stack(0x0000007240800000,0x0000007240900000) (1024K)]
  0x000001de7459e690 JavaThread "Unconstrained build operations Thread 83"        [_thread_blocked, id=28384, stack(0x0000007240900000,0x0000007240a00000) (1024K)]
  0x000001de725f96c0 JavaThread "Unconstrained build operations Thread 84"        [_thread_blocked, id=17760, stack(0x0000007240a00000,0x0000007240b00000) (1024K)]
  0x000001de72af6510 JavaThread "Unconstrained build operations Thread 85"        [_thread_blocked, id=23192, stack(0x0000007240b00000,0x0000007240c00000) (1024K)]
  0x000001de72af6ba0 JavaThread "Unconstrained build operations Thread 86"        [_thread_blocked, id=27016, stack(0x0000007240c00000,0x0000007240d00000) (1024K)]
  0x000001de72af7230 JavaThread "Unconstrained build operations Thread 87"        [_thread_blocked, id=23280, stack(0x0000007240d00000,0x0000007240e00000) (1024K)]
  0x000001de72af78c0 JavaThread "Unconstrained build operations Thread 88"        [_thread_blocked, id=2948, stack(0x0000007240e00000,0x0000007240f00000) (1024K)]
  0x000001de72af7f50 JavaThread "Unconstrained build operations Thread 89"        [_thread_blocked, id=21188, stack(0x0000007240f00000,0x0000007241000000) (1024K)]
  0x000001de72af8c70 JavaThread "Unconstrained build operations Thread 90"        [_thread_blocked, id=28652, stack(0x0000007241000000,0x0000007241100000) (1024K)]
  0x000001de72af9300 JavaThread "Unconstrained build operations Thread 91"        [_thread_blocked, id=28412, stack(0x0000007241100000,0x0000007241200000) (1024K)]
  0x000001de72afba60 JavaThread "Unconstrained build operations Thread 92"        [_thread_blocked, id=936, stack(0x0000007241200000,0x0000007241300000) (1024K)]
  0x000001de72af9990 JavaThread "Unconstrained build operations Thread 93"        [_thread_blocked, id=2452, stack(0x0000007241300000,0x0000007241400000) (1024K)]
  0x000001de72afa020 JavaThread "Unconstrained build operations Thread 94"        [_thread_blocked, id=28832, stack(0x0000007241400000,0x0000007241500000) (1024K)]
  0x000001de72afa6b0 JavaThread "Unconstrained build operations Thread 95"        [_thread_blocked, id=4068, stack(0x0000007241500000,0x0000007241600000) (1024K)]
  0x000001de72afad40 JavaThread "Unconstrained build operations Thread 96"        [_thread_blocked, id=23916, stack(0x0000007241600000,0x0000007241700000) (1024K)]
  0x000001de72af85e0 JavaThread "Unconstrained build operations Thread 97"        [_thread_blocked, id=29620, stack(0x0000007241700000,0x0000007241800000) (1024K)]
  0x000001de72afd4a0 JavaThread "Unconstrained build operations Thread 98"        [_thread_blocked, id=27264, stack(0x0000007241800000,0x0000007241900000) (1024K)]
  0x000001de72afb3d0 JavaThread "Unconstrained build operations Thread 99"        [_thread_blocked, id=3744, stack(0x0000007241900000,0x0000007241a00000) (1024K)]
  0x000001de72afc780 JavaThread "Unconstrained build operations Thread 100"        [_thread_blocked, id=30404, stack(0x0000007241a00000,0x0000007241b00000) (1024K)]
  0x000001de72afc0f0 JavaThread "Unconstrained build operations Thread 101"        [_thread_blocked, id=30568, stack(0x0000007241b00000,0x0000007241c00000) (1024K)]
  0x000001de72465e90 JavaThread "build event listener"              [_thread_blocked, id=6220, stack(0x0000007241c00000,0x0000007241d00000) (1024K)]
  0x000001de7246e860 JavaThread "Unconstrained build operations Thread 102"        [_thread_blocked, id=29704, stack(0x0000007241e00000,0x0000007241f00000) (1024K)]
  0x000001de72470930 JavaThread "Unconstrained build operations Thread 103"        [_thread_blocked, id=4396, stack(0x0000007241f00000,0x0000007242000000) (1024K)]
  0x000001de72472a00 JavaThread "Unconstrained build operations Thread 104"        [_thread_blocked, id=27336, stack(0x0000007242000000,0x0000007242100000) (1024K)]
  0x000001de72472370 JavaThread "Unconstrained build operations Thread 105"        [_thread_blocked, id=23604, stack(0x0000007242100000,0x0000007242200000) (1024K)]
  0x000001de72473090 JavaThread "Unconstrained build operations Thread 106"        [_thread_blocked, id=18360, stack(0x0000007242200000,0x0000007242300000) (1024K)]
  0x000001de7246fc10 JavaThread "Unconstrained build operations Thread 107"        [_thread_blocked, id=29180, stack(0x0000007242300000,0x0000007242400000) (1024K)]
  0x000001de72473720 JavaThread "Unconstrained build operations Thread 108"        [_thread_blocked, id=14752, stack(0x0000007242400000,0x0000007242500000) (1024K)]
  0x000001de724702a0 JavaThread "Unconstrained build operations Thread 109"        [_thread_blocked, id=1716, stack(0x0000007242500000,0x0000007242600000) (1024K)]
  0x000001de72473db0 JavaThread "Unconstrained build operations Thread 110"        [_thread_blocked, id=27116, stack(0x0000007242600000,0x0000007242700000) (1024K)]
  0x000001de72474440 JavaThread "Unconstrained build operations Thread 111"        [_thread_blocked, id=29380, stack(0x0000007242700000,0x0000007242800000) (1024K)]
  0x000001de72474ad0 JavaThread "Unconstrained build operations Thread 112"        [_thread_blocked, id=18456, stack(0x0000007242800000,0x0000007242900000) (1024K)]
  0x000001de72475160 JavaThread "Unconstrained build operations Thread 113"        [_thread_blocked, id=22932, stack(0x0000007242900000,0x0000007242a00000) (1024K)]
  0x000001de6f425f90 JavaThread "Unconstrained build operations Thread 114"        [_thread_blocked, id=15820, stack(0x0000007242a00000,0x0000007242b00000) (1024K)]
  0x000001de7164c5a0 JavaThread "Unconstrained build operations Thread 115"        [_thread_blocked, id=20160, stack(0x0000007242b00000,0x0000007242c00000) (1024K)]
  0x000001de7164d950 JavaThread "Unconstrained build operations Thread 116"        [_thread_blocked, id=3196, stack(0x0000007242c00000,0x0000007242d00000) (1024K)]
  0x000001de7164dfe0 JavaThread "Unconstrained build operations Thread 117"        [_thread_blocked, id=9664, stack(0x0000007242d00000,0x0000007242e00000) (1024K)]
  0x000001de7164d2c0 JavaThread "Unconstrained build operations Thread 118"        [_thread_blocked, id=20368, stack(0x0000007242e00000,0x0000007242f00000) (1024K)]
  0x000001de7164cc30 JavaThread "Unconstrained build operations Thread 119"        [_thread_blocked, id=20644, stack(0x0000007242f00000,0x0000007243000000) (1024K)]
  0x000001de7164bf10 JavaThread "Unconstrained build operations Thread 120"        [_thread_blocked, id=28492, stack(0x0000007243000000,0x0000007243100000) (1024K)]
  0x000001de7164f390 JavaThread "jar transforms"                    [_thread_blocked, id=16296, stack(0x0000007243100000,0x0000007243200000) (1024K)]
  0x000001de7164ed00 JavaThread "jar transforms Thread 2"           [_thread_blocked, id=3456, stack(0x0000007241d00000,0x0000007241e00000) (1024K)]
  0x000001de7164fa20 JavaThread "Problems report writer"            [_thread_blocked, id=27464, stack(0x0000007243200000,0x0000007243300000) (1024K)]
  0x000001de71655600 JavaThread "jar transforms Thread 3"           [_thread_blocked, id=7644, stack(0x0000007243300000,0x0000007243400000) (1024K)]
  0x000001de71654250 JavaThread "jar transforms Thread 4"           [_thread_blocked, id=8520, stack(0x0000007243400000,0x0000007243500000) (1024K)]
  0x000001de71652ea0 JavaThread "jar transforms Thread 5"           [_thread_blocked, id=18252, stack(0x0000007243500000,0x0000007243600000) (1024K)]
  0x000001de71652810 JavaThread "jar transforms Thread 6"           [_thread_blocked, id=27720, stack(0x0000007243600000,0x0000007243700000) (1024K)]
  0x000001de71654f70 JavaThread "jar transforms Thread 7"           [_thread_blocked, id=20600, stack(0x0000007243700000,0x0000007243800000) (1024K)]
  0x000001de71657040 JavaThread "jar transforms Thread 8"           [_thread_blocked, id=26468, stack(0x0000007243800000,0x0000007243900000) (1024K)]
  0x000001de71658a80 JavaThread "jar transforms Thread 9"           [_thread_blocked, id=30356, stack(0x0000007243900000,0x0000007243a00000) (1024K)]
  0x000001de71659110 JavaThread "jar transforms Thread 10"          [_thread_blocked, id=22132, stack(0x0000007243a00000,0x0000007243b00000) (1024K)]
  0x000001de716583f0 JavaThread "jar transforms Thread 11"          [_thread_blocked, id=18672, stack(0x0000007236a00000,0x0000007236b00000) (1024K)]
  0x000001de716597a0 JavaThread "jar transforms Thread 12"          [_thread_blocked, id=11860, stack(0x0000007236b00000,0x0000007236c00000) (1024K)]
  0x000001de719125a0 JavaThread "C2 CompilerThread1"         daemon [_thread_blocked, id=26492, stack(0x0000007243b00000,0x0000007243c00000) (1024K)]
Total: 190

Other Threads:
=>0x000001de7d6bb4c0 VMThread "VM Thread"                           [id=15532, stack(0x0000007237400000,0x0000007237500000) (1024K)]
  0x000001de7d6a5c20 WatcherThread "VM Periodic Task Thread"        [id=9788, stack(0x0000007237300000,0x0000007237400000) (1024K)]
  0x000001de77c49eb0 WorkerThread "GC Thread#0"                     [id=17304, stack(0x0000007236e00000,0x0000007236f00000) (1024K)]
  0x000001de2855f9a0 WorkerThread "GC Thread#1"                     [id=7528, stack(0x0000007237f00000,0x0000007238000000) (1024K)]
  0x000001de285f1500 WorkerThread "GC Thread#2"                     [id=5952, stack(0x0000007238000000,0x0000007238100000) (1024K)]
  0x000001de6e247f40 WorkerThread "GC Thread#3"                     [id=26588, stack(0x0000007238200000,0x0000007238300000) (1024K)]
  0x000001de6e2482f0 WorkerThread "GC Thread#4"                     [id=20364, stack(0x0000007238300000,0x0000007238400000) (1024K)]
  0x000001de6ead2460 WorkerThread "GC Thread#5"                     [id=23616, stack(0x0000007238400000,0x0000007238500000) (1024K)]
  0x000001de6ebd5ab0 WorkerThread "GC Thread#6"                     [id=19524, stack(0x0000007239200000,0x0000007239300000) (1024K)]
  0x000001de6ebd4fa0 WorkerThread "GC Thread#7"                     [id=19520, stack(0x0000007239300000,0x0000007239400000) (1024K)]
  0x000001de6ebd6210 WorkerThread "GC Thread#8"                     [id=6524, stack(0x0000007239400000,0x0000007239500000) (1024K)]
  0x000001de6ebd6970 WorkerThread "GC Thread#9"                     [id=5032, stack(0x0000007239500000,0x0000007239600000) (1024K)]
  0x000001de77c5b000 ConcurrentGCThread "G1 Main Marker"            [id=25780, stack(0x0000007236f00000,0x0000007237000000) (1024K)]
  0x000001de77c5def0 WorkerThread "G1 Conc#0"                       [id=18092, stack(0x0000007237000000,0x0000007237100000) (1024K)]
  0x000001de7129b050 WorkerThread "G1 Conc#1"                       [id=28048, stack(0x0000007239600000,0x0000007239700000) (1024K)]
  0x000001de7129d530 WorkerThread "G1 Conc#2"                       [id=29684, stack(0x0000007239700000,0x0000007239800000) (1024K)]
  0x000001de7d570c70 ConcurrentGCThread "G1 Refine#0"               [id=26776, stack(0x0000007237100000,0x0000007237200000) (1024K)]
  0x000001de7d5711a0 ConcurrentGCThread "G1 Service"                [id=15928, stack(0x0000007237200000,0x0000007237300000) (1024K)]
Total: 18

Threads with active compile tasks:
C2 CompilerThread0  105517 17312   !   4       org.gradle.api.internal.artifacts.ivyservice.resolveengine.artifact.VariantResolvingArtifactSet::select (178 bytes)
C2 CompilerThread1  105517 17322       4       org.gradle.internal.snapshot.impl.DirectorySnapshotter$PathVisitor::<init> (101 bytes)
Total: 2

VM state: at safepoint (normal execution)

VM Mutex/Monitor currently owned by a thread:  ([mutex/lock_event])
[0x00007ffd4b32f5b0] Threads_lock - owner thread: 0x000001de7d6bb4c0
[0x00007ffd4b32f6b0] Heap_lock - owner thread: 0x000001de74598ab0

Heap address: 0x0000000600000000, size: 8192 MB, Compressed Oops mode: Zero based, Oop shift amount: 3

CDS archive(s) mapped at: [0x000001de29000000-0x000001de29ba0000-0x000001de29ba0000), size 12189696, SharedBaseAddress: 0x000001de29000000, ArchiveRelocationMode: 1.
Compressed class space mapped at: 0x000001de2a000000-0x000001de6a000000, reserved size: 1073741824
Narrow klass base: 0x000001de29000000, Narrow klass shift: 0, Narrow klass range: 0x100000000

GC Precious Log:
 CardTable entry size: 512
 Card Set container configuration: InlinePtr #cards 4 size 8 Array Of Cards #cards 32 size 80 Howl #buckets 8 coarsen threshold 7372 Howl Bitmap #cards 1024 size 144 coarsen threshold 921 Card regions per heap region 1 cards per card region 8192
 CPUs: 12 total, 12 available
 Memory: 7863M
 Large Page Support: Disabled
 NUMA Support: Disabled
 Compressed Oops: Enabled (Zero based)
 Heap Region Size: 4M
 Heap Min Capacity: 8M
 Heap Initial Capacity: 124M
 Heap Max Capacity: 8G
 Pre-touch: Disabled
 Parallel Workers: 10
 Concurrent Workers: 3
 Concurrent Refinement Workers: 10
 Periodic GC: Disabled

Heap:
 garbage-first heap   total 442368K, used 260536K [0x0000000600000000, 0x0000000800000000)
  region size 4096K, 4 young (16384K), 4 survivors (16384K)
 Metaspace       used 111783K, committed 114432K, reserved 1179648K
  class space    used 15879K, committed 17152K, reserved 1048576K

Heap Regions: E=young(eden), S=young(survivor), O=old, HS=humongous(starts), HC=humongous(continues), CS=collection set, F=free, TAMS=top-at-mark-start, PB=parsable bottom
|   0|0x0000000600000000, 0x0000000600400000, 0x0000000600400000|100%|HS|  |TAMS 0x0000000600000000| PB 0x0000000600000000| Complete 
|   1|0x0000000600400000, 0x0000000600800000, 0x0000000600800000|100%| O|  |TAMS 0x0000000600400000| PB 0x0000000600400000| Untracked 
|   2|0x0000000600800000, 0x0000000600c00000, 0x0000000600c00000|100%| O|  |TAMS 0x0000000600800000| PB 0x0000000600800000| Untracked 
|   3|0x0000000600c00000, 0x0000000601000000, 0x0000000601000000|100%| O|  |TAMS 0x0000000600c00000| PB 0x0000000600c00000| Untracked 
|   4|0x0000000601000000, 0x0000000601400000, 0x0000000601400000|100%| O|  |TAMS 0x0000000601000000| PB 0x0000000601000000| Untracked 
|   5|0x0000000601400000, 0x0000000601800000, 0x0000000601800000|100%| O|  |TAMS 0x0000000601400000| PB 0x0000000601400000| Untracked 
|   6|0x0000000601800000, 0x0000000601c00000, 0x0000000601c00000|100%| O|  |TAMS 0x0000000601800000| PB 0x0000000601800000| Untracked 
|   7|0x0000000601c00000, 0x0000000602000000, 0x0000000602000000|100%| O|  |TAMS 0x0000000601c00000| PB 0x0000000601c00000| Untracked 
|   8|0x0000000602000000, 0x0000000602400000, 0x0000000602400000|100%|HS|  |TAMS 0x0000000602000000| PB 0x0000000602000000| Complete 
|   9|0x0000000602400000, 0x0000000602800000, 0x0000000602800000|100%|HS|  |TAMS 0x0000000602400000| PB 0x0000000602400000| Complete 
|  10|0x0000000602800000, 0x0000000602c00000, 0x0000000602c00000|100%| O|  |TAMS 0x0000000602800000| PB 0x0000000602800000| Untracked 
|  11|0x0000000602c00000, 0x0000000603000000, 0x0000000603000000|100%| O|  |TAMS 0x0000000602c00000| PB 0x0000000602c00000| Untracked 
|  12|0x0000000603000000, 0x0000000603400000, 0x0000000603400000|100%| O|  |TAMS 0x0000000603000000| PB 0x0000000603000000| Untracked 
|  13|0x0000000603400000, 0x0000000603800000, 0x0000000603800000|100%| O|  |TAMS 0x0000000603400000| PB 0x0000000603400000| Untracked 
|  14|0x0000000603800000, 0x0000000603c00000, 0x0000000603c00000|100%| O|  |TAMS 0x0000000603800000| PB 0x0000000603800000| Untracked 
|  15|0x0000000603c00000, 0x0000000604000000, 0x0000000604000000|100%| O|  |TAMS 0x0000000603c00000| PB 0x0000000603c00000| Untracked 
|  16|0x0000000604000000, 0x0000000604400000, 0x0000000604400000|100%| O|  |TAMS 0x0000000604000000| PB 0x0000000604000000| Untracked 
|  17|0x0000000604400000, 0x0000000604800000, 0x0000000604800000|100%| O|  |TAMS 0x0000000604400000| PB 0x0000000604400000| Untracked 
|  18|0x0000000604800000, 0x0000000604c00000, 0x0000000604c00000|100%| O|  |TAMS 0x0000000604800000| PB 0x0000000604800000| Untracked 
|  19|0x0000000604c00000, 0x0000000605000000, 0x0000000605000000|100%| O|  |TAMS 0x0000000604c00000| PB 0x0000000604c00000| Untracked 
|  20|0x0000000605000000, 0x0000000605400000, 0x0000000605400000|100%| O|  |TAMS 0x0000000605000000| PB 0x0000000605000000| Untracked 
|  21|0x0000000605400000, 0x0000000605800000, 0x0000000605800000|100%| O|  |TAMS 0x0000000605400000| PB 0x0000000605400000| Untracked 
|  22|0x0000000605800000, 0x0000000605c00000, 0x0000000605c00000|100%| O|  |TAMS 0x0000000605800000| PB 0x0000000605800000| Untracked 
|  23|0x0000000605c00000, 0x0000000606000000, 0x0000000606000000|100%|HS|  |TAMS 0x0000000605c00000| PB 0x0000000605c00000| Complete 
|  24|0x0000000606000000, 0x0000000606400000, 0x0000000606400000|100%| O|  |TAMS 0x0000000606000000| PB 0x0000000606000000| Untracked 
|  25|0x0000000606400000, 0x0000000606800000, 0x0000000606800000|100%| O|  |TAMS 0x0000000606400000| PB 0x0000000606400000| Untracked 
|  26|0x0000000606800000, 0x0000000606c00000, 0x0000000606c00000|100%| O|  |TAMS 0x0000000606800000| PB 0x0000000606800000| Untracked 
|  27|0x0000000606c00000, 0x0000000607000000, 0x0000000607000000|100%| O|  |TAMS 0x0000000606c00000| PB 0x0000000606c00000| Untracked 
|  28|0x0000000607000000, 0x0000000607400000, 0x0000000607400000|100%| O|  |TAMS 0x0000000607000000| PB 0x0000000607000000| Untracked 
|  29|0x0000000607400000, 0x0000000607800000, 0x0000000607800000|100%| O|  |TAMS 0x0000000607400000| PB 0x0000000607400000| Untracked 
|  30|0x0000000607800000, 0x0000000607c00000, 0x0000000607c00000|100%| O|  |TAMS 0x0000000607800000| PB 0x0000000607800000| Untracked 
|  31|0x0000000607c00000, 0x0000000608000000, 0x0000000608000000|100%| O|  |TAMS 0x0000000607c00000| PB 0x0000000607c00000| Untracked 
|  32|0x0000000608000000, 0x0000000608400000, 0x0000000608400000|100%| O|  |TAMS 0x0000000608000000| PB 0x0000000608000000| Untracked 
|  33|0x0000000608400000, 0x0000000608800000, 0x0000000608800000|100%| O|  |TAMS 0x0000000608400000| PB 0x0000000608400000| Untracked 
|  34|0x0000000608800000, 0x0000000608c00000, 0x0000000608c00000|100%| O|  |TAMS 0x0000000608800000| PB 0x0000000608800000| Untracked 
|  35|0x0000000608c00000, 0x0000000609000000, 0x0000000609000000|100%| O|  |TAMS 0x0000000608c00000| PB 0x0000000608c00000| Untracked 
|  36|0x0000000609000000, 0x0000000609400000, 0x0000000609400000|100%| O|  |TAMS 0x0000000609000000| PB 0x0000000609000000| Untracked 
|  37|0x0000000609400000, 0x0000000609800000, 0x0000000609800000|100%| O|  |TAMS 0x0000000609400000| PB 0x0000000609400000| Untracked 
|  38|0x0000000609800000, 0x0000000609c00000, 0x0000000609c00000|100%| O|  |TAMS 0x0000000609800000| PB 0x0000000609800000| Untracked 
|  39|0x0000000609c00000, 0x000000060a000000, 0x000000060a000000|100%| O|  |TAMS 0x0000000609c00000| PB 0x0000000609c00000| Untracked 
|  40|0x000000060a000000, 0x000000060a400000, 0x000000060a400000|100%| O|  |TAMS 0x000000060a000000| PB 0x000000060a000000| Untracked 
|  41|0x000000060a400000, 0x000000060a800000, 0x000000060a800000|100%|HS|  |TAMS 0x000000060a400000| PB 0x000000060a400000| Complete 
|  42|0x000000060a800000, 0x000000060ac00000, 0x000000060ac00000|100%| O|  |TAMS 0x000000060a800000| PB 0x000000060a800000| Untracked 
|  43|0x000000060ac00000, 0x000000060b000000, 0x000000060b000000|100%| O|  |TAMS 0x000000060ac00000| PB 0x000000060ac00000| Untracked 
|  44|0x000000060b000000, 0x000000060b000000, 0x000000060b400000|  0%| F|  |TAMS 0x000000060b000000| PB 0x000000060b000000| Untracked 
|  45|0x000000060b400000, 0x000000060b800000, 0x000000060b800000|100%|HS|  |TAMS 0x000000060b400000| PB 0x000000060b400000| Complete 
|  46|0x000000060b800000, 0x000000060bc00000, 0x000000060bc00000|100%| O|  |TAMS 0x000000060b800000| PB 0x000000060b800000| Untracked 
|  47|0x000000060bc00000, 0x000000060c000000, 0x000000060c000000|100%| O|  |TAMS 0x000000060bc00000| PB 0x000000060bc00000| Untracked 
|  48|0x000000060c000000, 0x000000060c400000, 0x000000060c400000|100%| O|  |TAMS 0x000000060c000000| PB 0x000000060c000000| Untracked 
|  49|0x000000060c400000, 0x000000060c800000, 0x000000060c800000|100%| O|  |TAMS 0x000000060c400000| PB 0x000000060c400000| Untracked 
|  50|0x000000060c800000, 0x000000060c800000, 0x000000060cc00000|  0%| F|  |TAMS 0x000000060c800000| PB 0x000000060c800000| Untracked 
|  51|0x000000060cc00000, 0x000000060d000000, 0x000000060d000000|100%| O|  |TAMS 0x000000060cc00000| PB 0x000000060cc00000| Untracked 
|  52|0x000000060d000000, 0x000000060d400000, 0x000000060d400000|100%| O|  |TAMS 0x000000060d000000| PB 0x000000060d000000| Untracked 
|  53|0x000000060d400000, 0x000000060d400000, 0x000000060d800000|  0%| F|  |TAMS 0x000000060d400000| PB 0x000000060d400000| Untracked 
|  54|0x000000060d800000, 0x000000060dc00000, 0x000000060dc00000|100%| O|  |TAMS 0x000000060d800000| PB 0x000000060d800000| Untracked 
|  55|0x000000060dc00000, 0x000000060e000000, 0x000000060e000000|100%| O|  |TAMS 0x000000060dc00000| PB 0x000000060dc00000| Untracked 
|  56|0x000000060e000000, 0x000000060e400000, 0x000000060e400000|100%| O|  |TAMS 0x000000060e000000| PB 0x000000060e000000| Untracked 
|  57|0x000000060e400000, 0x000000060e800000, 0x000000060e800000|100%| O|  |TAMS 0x000000060e400000| PB 0x000000060e400000| Untracked 
|  58|0x000000060e800000, 0x000000060ec00000, 0x000000060ec00000|100%| O|  |TAMS 0x000000060e800000| PB 0x000000060e800000| Untracked 
|  59|0x000000060ec00000, 0x000000060f000000, 0x000000060f000000|100%| O|  |TAMS 0x000000060ec00000| PB 0x000000060ec00000| Untracked 
|  60|0x000000060f000000, 0x000000060f400000, 0x000000060f400000|100%| O|  |TAMS 0x000000060f000000| PB 0x000000060f000000| Untracked 
|  61|0x000000060f400000, 0x000000060f4f0528, 0x000000060f800000| 23%| O|  |TAMS 0x000000060f400000| PB 0x000000060f400000| Untracked 
|  62|0x000000060f800000, 0x000000060f800000, 0x000000060fc00000|  0%| F|  |TAMS 0x000000060f800000| PB 0x000000060f800000| Untracked 
|  63|0x000000060fc00000, 0x000000060fc00000, 0x0000000610000000|  0%| F|  |TAMS 0x000000060fc00000| PB 0x000000060fc00000| Untracked 
|  64|0x0000000610000000, 0x000000061017dbd0, 0x0000000610400000| 37%| S|CS|TAMS 0x0000000610000000| PB 0x0000000610000000| Complete 
|  65|0x0000000610400000, 0x0000000610400000, 0x0000000610800000|  0%| F|  |TAMS 0x0000000610400000| PB 0x0000000610400000| Untracked 
|  66|0x0000000610800000, 0x0000000610800000, 0x0000000610c00000|  0%| F|  |TAMS 0x0000000610800000| PB 0x0000000610800000| Untracked 
|  67|0x0000000610c00000, 0x0000000611000000, 0x0000000611000000|100%| S|CS|TAMS 0x0000000610c00000| PB 0x0000000610c00000| Complete 
|  68|0x0000000611000000, 0x0000000611400000, 0x0000000611400000|100%| S|CS|TAMS 0x0000000611000000| PB 0x0000000611000000| Complete 
|  69|0x0000000611400000, 0x0000000611800000, 0x0000000611800000|100%| S|CS|TAMS 0x0000000611400000| PB 0x0000000611400000| Complete 
|  70|0x0000000611800000, 0x0000000611800000, 0x0000000611c00000|  0%| F|  |TAMS 0x0000000611800000| PB 0x0000000611800000| Untracked 
|  71|0x0000000611c00000, 0x0000000611c00000, 0x0000000612000000|  0%| F|  |TAMS 0x0000000611c00000| PB 0x0000000611c00000| Untracked 
|  72|0x0000000612000000, 0x0000000612000000, 0x0000000612400000|  0%| F|  |TAMS 0x0000000612000000| PB 0x0000000612000000| Untracked 
|  73|0x0000000612400000, 0x0000000612400000, 0x0000000612800000|  0%| F|  |TAMS 0x0000000612400000| PB 0x0000000612400000| Untracked 
|  74|0x0000000612800000, 0x0000000612800000, 0x0000000612c00000|  0%| F|  |TAMS 0x0000000612800000| PB 0x0000000612800000| Untracked 
|  75|0x0000000612c00000, 0x0000000612c00000, 0x0000000613000000|  0%| F|  |TAMS 0x0000000612c00000| PB 0x0000000612c00000| Untracked 
|  76|0x0000000613000000, 0x0000000613000000, 0x0000000613400000|  0%| F|  |TAMS 0x0000000613000000| PB 0x0000000613000000| Untracked 
|  77|0x0000000613400000, 0x0000000613400000, 0x0000000613800000|  0%| F|  |TAMS 0x0000000613400000| PB 0x0000000613400000| Untracked 
|  78|0x0000000613800000, 0x0000000613800000, 0x0000000613c00000|  0%| F|  |TAMS 0x0000000613800000| PB 0x0000000613800000| Untracked 
|  79|0x0000000613c00000, 0x0000000613c00000, 0x0000000614000000|  0%| F|  |TAMS 0x0000000613c00000| PB 0x0000000613c00000| Untracked 
|  80|0x0000000614000000, 0x0000000614000000, 0x0000000614400000|  0%| F|  |TAMS 0x0000000614000000| PB 0x0000000614000000| Untracked 
|  81|0x0000000614400000, 0x0000000614400000, 0x0000000614800000|  0%| F|  |TAMS 0x0000000614400000| PB 0x0000000614400000| Untracked 
|  82|0x0000000614800000, 0x0000000614800000, 0x0000000614c00000|  0%| F|  |TAMS 0x0000000614800000| PB 0x0000000614800000| Untracked 
|  83|0x0000000614c00000, 0x0000000614c00000, 0x0000000615000000|  0%| F|  |TAMS 0x0000000614c00000| PB 0x0000000614c00000| Untracked 
|  84|0x0000000615000000, 0x0000000615000000, 0x0000000615400000|  0%| F|  |TAMS 0x0000000615000000| PB 0x0000000615000000| Untracked 
|  85|0x0000000615400000, 0x0000000615400000, 0x0000000615800000|  0%| F|  |TAMS 0x0000000615400000| PB 0x0000000615400000| Untracked 
|  86|0x0000000615800000, 0x0000000615800000, 0x0000000615c00000|  0%| F|  |TAMS 0x0000000615800000| PB 0x0000000615800000| Untracked 
|  87|0x0000000615c00000, 0x0000000615c00000, 0x0000000616000000|  0%| F|  |TAMS 0x0000000615c00000| PB 0x0000000615c00000| Untracked 
|  88|0x0000000616000000, 0x0000000616000000, 0x0000000616400000|  0%| F|  |TAMS 0x0000000616000000| PB 0x0000000616000000| Untracked 
|  89|0x0000000616400000, 0x0000000616400000, 0x0000000616800000|  0%| F|  |TAMS 0x0000000616400000| PB 0x0000000616400000| Untracked 
|  90|0x0000000616800000, 0x0000000616800000, 0x0000000616c00000|  0%| F|  |TAMS 0x0000000616800000| PB 0x0000000616800000| Untracked 
|  91|0x0000000616c00000, 0x0000000616c00000, 0x0000000617000000|  0%| F|  |TAMS 0x0000000616c00000| PB 0x0000000616c00000| Untracked 
|  92|0x0000000617000000, 0x0000000617000000, 0x0000000617400000|  0%| F|  |TAMS 0x0000000617000000| PB 0x0000000617000000| Untracked 
|  93|0x0000000617400000, 0x0000000617400000, 0x0000000617800000|  0%| F|  |TAMS 0x0000000617400000| PB 0x0000000617400000| Untracked 
|  94|0x0000000617800000, 0x0000000617800000, 0x0000000617c00000|  0%| F|  |TAMS 0x0000000617800000| PB 0x0000000617800000| Untracked 
|  95|0x0000000617c00000, 0x0000000617c00000, 0x0000000618000000|  0%| F|  |TAMS 0x0000000617c00000| PB 0x0000000617c00000| Untracked 
|  96|0x0000000618000000, 0x0000000618000000, 0x0000000618400000|  0%| F|  |TAMS 0x0000000618000000| PB 0x0000000618000000| Untracked 
|  97|0x0000000618400000, 0x0000000618400000, 0x0000000618800000|  0%| F|  |TAMS 0x0000000618400000| PB 0x0000000618400000| Untracked 
|  98|0x0000000618800000, 0x0000000618800000, 0x0000000618c00000|  0%| F|  |TAMS 0x0000000618800000| PB 0x0000000618800000| Untracked 
|  99|0x0000000618c00000, 0x0000000618c00000, 0x0000000619000000|  0%| F|  |TAMS 0x0000000618c00000| PB 0x0000000618c00000| Untracked 
| 100|0x0000000619000000, 0x0000000619000000, 0x0000000619400000|  0%| F|  |TAMS 0x0000000619000000| PB 0x0000000619000000| Untracked 
| 101|0x0000000619400000, 0x0000000619400000, 0x0000000619800000|  0%| F|  |TAMS 0x0000000619400000| PB 0x0000000619400000| Untracked 
| 102|0x0000000619800000, 0x0000000619800000, 0x0000000619c00000|  0%| F|  |TAMS 0x0000000619800000| PB 0x0000000619800000| Untracked 
| 103|0x0000000619c00000, 0x0000000619c00000, 0x000000061a000000|  0%| F|  |TAMS 0x0000000619c00000| PB 0x0000000619c00000| Untracked 
| 104|0x000000061a000000, 0x000000061a000000, 0x000000061a400000|  0%| F|  |TAMS 0x000000061a000000| PB 0x000000061a000000| Untracked 
| 105|0x000000061a400000, 0x000000061a400000, 0x000000061a800000|  0%| F|  |TAMS 0x000000061a400000| PB 0x000000061a400000| Untracked 
|2046|0x00000007ff800000, 0x00000007ffc00000, 0x00000007ffc00000|100%| O|  |TAMS 0x00000007ff800000| PB 0x00000007ff800000| Untracked 
|2047|0x00000007ffc00000, 0x0000000800000000, 0x0000000800000000|100%| O|  |TAMS 0x00000007ffc00000| PB 0x00000007ffc00000| Untracked 

Card table byte_map: [0x000001de7c510000,0x000001de7d510000] _byte_map_base: 0x000001de79510000

Marking Bits: (CMBitMap*) 0x000001de77c4a5c0
 Bits: [0x000001de20000000, 0x000001de28000000)

Polling page: 0x000001de75a00000

Metaspace:

Usage:
  Non-class:     93.66 MB used.
      Class:     15.51 MB used.
       Both:    109.16 MB used.

Virtual space:
  Non-class space:      128.00 MB reserved,      95.00 MB ( 74%) committed,  2 nodes.
      Class space:        1.00 GB reserved,      16.75 MB (  2%) committed,  1 nodes.
             Both:        1.12 GB reserved,     111.75 MB ( 10%) committed. 

Chunk freelists:
   Non-Class:  734.00 KB
       Class:  15.29 MB
        Both:  16.01 MB

MaxMetaspaceSize: 4.00 GB
CompressedClassSpaceSize: 1.00 GB
Initial GC threshold: 21.00 MB
Current GC threshold: 185.88 MB
CDS: on
 - commit_granule_bytes: 65536.
 - commit_granule_words: 8192.
 - virtual_space_node_default_size: 8388608.
 - enlarge_chunks_in_place: 1.
 - use_allocation_guard: 0.


Internal statistics:

num_allocs_failed_limit: 9.
num_arena_births: 4560.
num_arena_deaths: 0.
num_vsnodes_births: 3.
num_vsnodes_deaths: 0.
num_space_committed: 1788.
num_space_uncommitted: 0.
num_chunks_returned_to_freelist: 9.
num_chunks_taken_from_freelist: 9948.
num_chunk_merges: 6.
num_chunk_splits: 6474.
num_chunks_enlarged: 4059.
num_inconsistent_stats: 0.

CodeHeap 'non-profiled nmethods': size=259264Kb used=10811Kb max_used=10811Kb free=248452Kb
 bounds [0x000001de102d0000, 0x000001de10d60000, 0x000001de20000000]
CodeHeap 'profiled nmethods': size=259264Kb used=27583Kb max_used=27628Kb free=231680Kb
 bounds [0x000001de00000000, 0x000001de01b20000, 0x000001de0fd30000]
CodeHeap 'non-nmethods': size=5760Kb used=2796Kb max_used=2845Kb free=2963Kb
 bounds [0x000001de0fd30000, 0x000001de10010000, 0x000001de102d0000]
CodeCache: size=524288Kb, used=41190Kb, max_used=41284Kb, free=483095Kb
 total_blobs=15413, nmethods=14372, adapters=944, full_count=0
Compilation: enabled, stopped_count=0, restarted_count=0

Compilation events (20 events):
Event: 102.188 Thread 0x000001de7d6f05e0 17311       4       org.gradle.api.internal.artifacts.ivyservice.resolveengine.graph.builder.DependencyGraphBuilder$$Lambda/0x000001de2a5a6f18::isSatisfiedBy (8 bytes)
Event: 102.190 Thread 0x000001de7d6f05e0 nmethod 17311 0x000001de10d5a490 code [0x000001de10d5a620, 0x000001de10d5a728]
Event: 102.190 Thread 0x000001de7d6f05e0 17312   !   4       org.gradle.api.internal.artifacts.ivyservice.resolveengine.artifact.VariantResolvingArtifactSet::select (178 bytes)
Event: 102.207 Thread 0x000001de7d6f4dd0 17317       3       org.gradle.api.internal.artifacts.transform.ConsumerProvidedVariantFinder$TransformCache$$Lambda/0x000001de2a7ad270::apply (12 bytes)
Event: 102.213 Thread 0x000001de7d6f4dd0 nmethod 17317 0x000001de00bae090 code [0x000001de00bae260, 0x000001de00bae6e8]
Event: 102.213 Thread 0x000001de7d6f4dd0 17318       3       org.gradle.api.internal.artifacts.transform.ConsumerProvidedVariantFinder$TransformCache::lambda$query$0 (21 bytes)
Event: 102.214 Thread 0x000001de7d6f4dd0 nmethod 17318 0x000001de00d94490 code [0x000001de00d94660, 0x000001de00d94988]
Event: 102.903 Thread 0x000001de7d6f4dd0 17321       3       org.gradle.api.internal.artifacts.transform.TransformExecutionResult$Builder::addEntireInputArtifact (17 bytes)
Event: 102.903 Thread 0x000001de7d6f4dd0 nmethod 17321 0x000001de00fbe190 code [0x000001de00fbe340, 0x000001de00fbe498]
Event: 102.925 Thread 0x000001de719125a0 17320       4       org.gradle.api.internal.artifacts.transform.AbstractTransformExecution::getOutputDir (11 bytes)
Event: 102.953 Thread 0x000001de719125a0 nmethod 17320 0x000001de10d5a890 code [0x000001de10d5aac0, 0x000001de10d5b2a0]
Event: 102.953 Thread 0x000001de719125a0 17319       4       org.gradle.internal.typeconversion.NotationConverterToNotationParserAdapter$ResultImpl::<init> (5 bytes)
Event: 102.954 Thread 0x000001de719125a0 nmethod 17319 0x000001de10d5b890 code [0x000001de10d5ba20, 0x000001de10d5baa8]
Event: 102.954 Thread 0x000001de719125a0 17315       4       org.gradle.api.internal.artifacts.transform.TransformChain::visitTransformSteps (26 bytes)
Event: 102.985 Thread 0x000001de719125a0 nmethod 17315 0x000001de10d5bb90 code [0x000001de10d5be20, 0x000001de10d5cca0]
Event: 102.985 Thread 0x000001de719125a0 17316       4       org.gradle.api.internal.artifacts.transform.DefaultTransformUpstreamDependenciesResolver::dependenciesFor (38 bytes)
Event: 102.987 Thread 0x000001de719125a0 nmethod 17316 0x000001de10d5d410 code [0x000001de10d5d5a0, 0x000001de10d5d6c0]
Event: 102.987 Thread 0x000001de719125a0 17310       4       org.gradle.api.internal.artifacts.ivyservice.resolutionstrategy.DefaultCachePolicy::mustRefreshModule (24 bytes)
Event: 103.036 Thread 0x000001de719125a0 nmethod 17310 0x000001de10d5d810 code [0x000001de10d5da40, 0x000001de10d5e688]
Event: 103.331 Thread 0x000001de719125a0 17322       4       org.gradle.internal.snapshot.impl.DirectorySnapshotter$PathVisitor::<init> (101 bytes)

GC Heap History (20 events):
Event: 87.136 GC heap after
{Heap after GC invocations=63 (full 0):
 garbage-first heap   total 319488K, used 192133K [0x0000000600000000, 0x0000000800000000)
  region size 4096K, 2 young (8192K), 2 survivors (8192K)
 Metaspace       used 110436K, committed 112896K, reserved 1179648K
  class space    used 15749K, committed 16960K, reserved 1048576K
}
Event: 88.829 GC heap before
{Heap before GC invocations=64 (full 0):
 garbage-first heap   total 327680K, used 282245K [0x0000000600000000, 0x0000000800000000)
  region size 4096K, 24 young (98304K), 2 survivors (8192K)
 Metaspace       used 110695K, committed 113216K, reserved 1179648K
  class space    used 15771K, committed 17024K, reserved 1048576K
}
Event: 88.840 GC heap after
{Heap after GC invocations=65 (full 0):
 garbage-first heap   total 327680K, used 210223K [0x0000000600000000, 0x0000000800000000)
  region size 4096K, 3 young (12288K), 3 survivors (12288K)
 Metaspace       used 110695K, committed 113216K, reserved 1179648K
  class space    used 15771K, committed 17024K, reserved 1048576K
}
Event: 89.183 GC heap before
{Heap before GC invocations=65 (full 0):
 garbage-first heap   total 327680K, used 288047K [0x0000000600000000, 0x0000000800000000)
  region size 4096K, 23 young (94208K), 3 survivors (12288K)
 Metaspace       used 110696K, committed 113216K, reserved 1179648K
  class space    used 15771K, committed 17024K, reserved 1048576K
}
Event: 89.198 GC heap after
{Heap after GC invocations=66 (full 0):
 garbage-first heap   total 327680K, used 212524K [0x0000000600000000, 0x0000000800000000)
  region size 4096K, 2 young (8192K), 2 survivors (8192K)
 Metaspace       used 110696K, committed 113216K, reserved 1179648K
  class space    used 15771K, committed 17024K, reserved 1048576K
}
Event: 90.406 GC heap before
{Heap before GC invocations=66 (full 0):
 garbage-first heap   total 327680K, used 290348K [0x0000000600000000, 0x0000000800000000)
  region size 4096K, 22 young (90112K), 2 survivors (8192K)
 Metaspace       used 110949K, committed 113472K, reserved 1179648K
  class space    used 15801K, committed 17024K, reserved 1048576K
}
Event: 90.414 GC heap after
{Heap after GC invocations=67 (full 0):
 garbage-first heap   total 327680K, used 220201K [0x0000000600000000, 0x0000000800000000)
  region size 4096K, 3 young (12288K), 3 survivors (12288K)
 Metaspace       used 110949K, committed 113472K, reserved 1179648K
  class space    used 15801K, committed 17024K, reserved 1048576K
}
Event: 91.793 GC heap before
{Heap before GC invocations=68 (full 0):
 garbage-first heap   total 368640K, used 289833K [0x0000000600000000, 0x0000000800000000)
  region size 4096K, 21 young (86016K), 3 survivors (12288K)
 Metaspace       used 111043K, committed 113536K, reserved 1179648K
  class space    used 15808K, committed 17024K, reserved 1048576K
}
Event: 91.804 GC heap after
{Heap after GC invocations=69 (full 0):
 garbage-first heap   total 368640K, used 229295K [0x0000000600000000, 0x0000000800000000)
  region size 4096K, 3 young (12288K), 3 survivors (12288K)
 Metaspace       used 111043K, committed 113536K, reserved 1179648K
  class space    used 15808K, committed 17024K, reserved 1048576K
}
Event: 92.231 GC heap before
{Heap before GC invocations=69 (full 0):
 garbage-first heap   total 368640K, used 319407K [0x0000000600000000, 0x0000000800000000)
  region size 4096K, 26 young (106496K), 3 survivors (12288K)
 Metaspace       used 111043K, committed 113536K, reserved 1179648K
  class space    used 15808K, committed 17024K, reserved 1048576K
}
Event: 92.243 GC heap after
{Heap after GC invocations=70 (full 0):
 garbage-first heap   total 442368K, used 225964K [0x0000000600000000, 0x0000000800000000)
  region size 4096K, 2 young (8192K), 2 survivors (8192K)
 Metaspace       used 111043K, committed 113536K, reserved 1179648K
  class space    used 15808K, committed 17024K, reserved 1048576K
}
Event: 95.742 GC heap before
{Heap before GC invocations=70 (full 0):
 garbage-first heap   total 442368K, used 365228K [0x0000000600000000, 0x0000000800000000)
  region size 4096K, 36 young (147456K), 2 survivors (8192K)
 Metaspace       used 111309K, committed 113920K, reserved 1179648K
  class space    used 15828K, committed 17088K, reserved 1048576K
}
Event: 95.757 GC heap after
{Heap after GC invocations=71 (full 0):
 garbage-first heap   total 442368K, used 244580K [0x0000000600000000, 0x0000000800000000)
  region size 4096K, 5 young (20480K), 5 survivors (20480K)
 Metaspace       used 111309K, committed 113920K, reserved 1179648K
  class space    used 15828K, committed 17088K, reserved 1048576K
}
Event: 96.943 GC heap before
{Heap before GC invocations=71 (full 0):
 garbage-first heap   total 442368K, used 367460K [0x0000000600000000, 0x0000000800000000)
  region size 4096K, 36 young (147456K), 5 survivors (20480K)
 Metaspace       used 111469K, committed 114048K, reserved 1179648K
  class space    used 15847K, committed 17088K, reserved 1048576K
}
Event: 96.959 GC heap after
{Heap after GC invocations=72 (full 0):
 garbage-first heap   total 442368K, used 249947K [0x0000000600000000, 0x0000000800000000)
  region size 4096K, 3 young (12288K), 3 survivors (12288K)
 Metaspace       used 111469K, committed 114048K, reserved 1179648K
  class space    used 15847K, committed 17088K, reserved 1048576K
}
Event: 99.284 GC heap before
{Heap before GC invocations=72 (full 0):
 garbage-first heap   total 442368K, used 376923K [0x0000000600000000, 0x0000000800000000)
  region size 4096K, 35 young (143360K), 3 survivors (12288K)
 Metaspace       used 111625K, committed 114176K, reserved 1179648K
  class space    used 15861K, committed 17088K, reserved 1048576K
}
Event: 99.300 GC heap after
{Heap after GC invocations=73 (full 0):
 garbage-first heap   total 442368K, used 256483K [0x0000000600000000, 0x0000000800000000)
  region size 4096K, 4 young (16384K), 4 survivors (16384K)
 Metaspace       used 111625K, committed 114176K, reserved 1179648K
  class space    used 15861K, committed 17088K, reserved 1048576K
}
Event: 100.477 GC heap before
{Heap before GC invocations=74 (full 0):
 garbage-first heap   total 442368K, used 387555K [0x0000000600000000, 0x0000000800000000)
  region size 4096K, 37 young (151552K), 4 survivors (16384K)
 Metaspace       used 111626K, committed 114176K, reserved 1179648K
  class space    used 15861K, committed 17088K, reserved 1048576K
}
Event: 100.501 GC heap after
{Heap after GC invocations=75 (full 0):
 garbage-first heap   total 442368K, used 259555K [0x0000000600000000, 0x0000000800000000)
  region size 4096K, 4 young (16384K), 4 survivors (16384K)
 Metaspace       used 111626K, committed 114176K, reserved 1179648K
  class space    used 15861K, committed 17088K, reserved 1048576K
}
Event: 103.426 GC heap before
{Heap before GC invocations=75 (full 0):
 garbage-first heap   total 442368K, used 394723K [0x0000000600000000, 0x0000000800000000)
  region size 4096K, 38 young (155648K), 4 survivors (16384K)
 Metaspace       used 111783K, committed 114432K, reserved 1179648K
  class space    used 15879K, committed 17152K, reserved 1048576K
}

Dll operation events (20 events):
Event: 0.760 Attempting to load shared library C:\Users\Ridhima Karpoor\.vscode\extensions\redhat.java-1.56.0-win32-x64\jre\21.0.12.1-win32-x86_64\bin\jimage.dll
Event: 0.760 Loaded shared library C:\Users\Ridhima Karpoor\.vscode\extensions\redhat.java-1.56.0-win32-x64\jre\21.0.12.1-win32-x86_64\bin\jimage.dll
Event: 1.209 Attempting to load shared library C:\Users\Ridhima Karpoor\.vscode\extensions\redhat.java-1.56.0-win32-x64\jre\21.0.12.1-win32-x86_64\bin\verify.dll
Event: 1.211 Loaded shared library C:\Users\Ridhima Karpoor\.vscode\extensions\redhat.java-1.56.0-win32-x64\jre\21.0.12.1-win32-x86_64\bin\verify.dll
Event: 1.457 Attempting to load shared library C:\Users\Ridhima Karpoor\.gradle\native\1def1411415f61bf3af743bc5b6707747c0891f09f0c88961ee8f79bc544acac\windows-amd64\native-platform.dll
Event: 1.460 Loaded shared library C:\Users\Ridhima Karpoor\.gradle\native\1def1411415f61bf3af743bc5b6707747c0891f09f0c88961ee8f79bc544acac\windows-amd64\native-platform.dll
Event: 1.473 Attempting to load shared library C:\Users\Ridhima Karpoor\.gradle\native\0.2.5\x86_64-windows-gnu\gradle-fileevents.dll
Event: 1.477 Loaded shared library C:\Users\Ridhima Karpoor\.gradle\native\0.2.5\x86_64-windows-gnu\gradle-fileevents.dll
Event: 3.524 Attempting to load shared library C:\Users\Ridhima Karpoor\.vscode\extensions\redhat.java-1.56.0-win32-x64\jre\21.0.12.1-win32-x86_64\bin\management.dll
Event: 3.526 Loaded shared library C:\Users\Ridhima Karpoor\.vscode\extensions\redhat.java-1.56.0-win32-x64\jre\21.0.12.1-win32-x86_64\bin\management.dll
Event: 3.532 Attempting to load shared library C:\Users\Ridhima Karpoor\.vscode\extensions\redhat.java-1.56.0-win32-x64\jre\21.0.12.1-win32-x86_64\bin\management_ext.dll
Event: 3.537 Loaded shared library C:\Users\Ridhima Karpoor\.vscode\extensions\redhat.java-1.56.0-win32-x64\jre\21.0.12.1-win32-x86_64\bin\management_ext.dll
Event: 3.912 Attempting to load shared library C:\Users\Ridhima Karpoor\.vscode\extensions\redhat.java-1.56.0-win32-x64\jre\21.0.12.1-win32-x86_64\bin\extnet.dll
Event: 3.913 Loaded shared library C:\Users\Ridhima Karpoor\.vscode\extensions\redhat.java-1.56.0-win32-x64\jre\21.0.12.1-win32-x86_64\bin\extnet.dll
Event: 4.140 Attempting to load shared library C:\Users\Ridhima Karpoor\.vscode\extensions\redhat.java-1.56.0-win32-x64\jre\21.0.12.1-win32-x86_64\bin\sunmscapi.dll
Event: 4.154 Loaded shared library C:\Users\Ridhima Karpoor\.vscode\extensions\redhat.java-1.56.0-win32-x64\jre\21.0.12.1-win32-x86_64\bin\sunmscapi.dll
Event: 5.325 Attempting to load shared library C:\Users\Ridhima Karpoor\AppData\Local\Temp\native-platform4672203045139998013dir\gradle-fileevents.dll
Event: 6.938 Loaded shared library C:\Users\Ridhima Karpoor\AppData\Local\Temp\native-platform4672203045139998013dir\gradle-fileevents.dll
Event: 34.949 Attempting to load shared library C:\Users\Ridhima Karpoor\.vscode\extensions\redhat.java-1.56.0-win32-x64\jre\21.0.12.1-win32-x86_64\bin\rmi.dll
Event: 34.954 Loaded shared library C:\Users\Ridhima Karpoor\.vscode\extensions\redhat.java-1.56.0-win32-x64\jre\21.0.12.1-win32-x86_64\bin\rmi.dll

Deoptimization events (20 events):
Event: 97.965 Thread 0x000001de6eff75b0 DEOPT PACKING pc=0x000001de10bcca00 sp=0x0000007238bf7af0
Event: 97.965 Thread 0x000001de6eff75b0 DEOPT UNPACKING pc=0x000001de0fd84422 sp=0x0000007238bf7a90 mode 2
Event: 99.270 Thread 0x000001de72ed4880 Uncommon trap: trap_request=0xffffffbe fr.pc=0x000001de10ae5c7c relative=0x000000000000321c
Event: 99.270 Thread 0x000001de72ed4880 Uncommon trap: reason=profile_predicate action=maybe_recompile pc=0x000001de10ae5c7c method=com.google.common.collect.MapMakerInternalMap$Segment.expand()V @ 59 c2
Event: 99.270 Thread 0x000001de72ed4880 DEOPT PACKING pc=0x000001de10ae5c7c sp=0x000000723e5fd870
Event: 99.270 Thread 0x000001de72ed4880 DEOPT UNPACKING pc=0x000001de0fd84422 sp=0x000000723e5fd818 mode 2
Event: 99.359 Thread 0x000001de6eff75b0 Uncommon trap: trap_request=0xffffffbe fr.pc=0x000001de10b3c7b4 relative=0x0000000000002fd4
Event: 99.359 Thread 0x000001de6eff75b0 Uncommon trap: reason=profile_predicate action=maybe_recompile pc=0x000001de10b3c7b4 method=com.google.common.collect.MapMakerInternalMap$Segment.expand()V @ 56 c2
Event: 99.359 Thread 0x000001de6eff75b0 DEOPT PACKING pc=0x000001de10b3c7b4 sp=0x0000007238bf7380
Event: 99.359 Thread 0x000001de6eff75b0 DEOPT UNPACKING pc=0x000001de0fd84422 sp=0x0000007238bf7338 mode 2
Event: 99.362 Thread 0x000001de6eff75b0 DEOPT PACKING pc=0x000001de017f197c sp=0x0000007238bf7150
Event: 99.362 Thread 0x000001de6eff75b0 DEOPT UNPACKING pc=0x000001de0fd84bc2 sp=0x0000007238bf6828 mode 0
Event: 99.362 Thread 0x000001de6eff75b0 Uncommon trap: trap_request=0xffffffbe fr.pc=0x000001de10b3c7b4 relative=0x0000000000002fd4
Event: 99.362 Thread 0x000001de6eff75b0 Uncommon trap: reason=profile_predicate action=maybe_recompile pc=0x000001de10b3c7b4 method=com.google.common.collect.MapMakerInternalMap$Segment.expand()V @ 56 c2
Event: 99.362 Thread 0x000001de6eff75b0 DEOPT PACKING pc=0x000001de10b3c7b4 sp=0x0000007238bf7380
Event: 99.362 Thread 0x000001de6eff75b0 DEOPT UNPACKING pc=0x000001de0fd84422 sp=0x0000007238bf7338 mode 2
Event: 99.372 Thread 0x000001de6eff75b0 DEOPT PACKING pc=0x000001de017f1440 sp=0x0000007238bf7150
Event: 99.372 Thread 0x000001de6eff75b0 DEOPT UNPACKING pc=0x000001de0fd84bc2 sp=0x0000007238bf6828 mode 0
Event: 99.844 Thread 0x000001de725f5520 DEOPT PACKING pc=0x000001de017f1440 sp=0x000000723edfd370
Event: 99.844 Thread 0x000001de725f5520 DEOPT UNPACKING pc=0x000001de0fd84bc2 sp=0x000000723edfca48 mode 0

Classes loaded (20 events):
Event: 77.524 Loading class java/util/AbstractCollectionCustomizer
Event: 77.524 Loading class java/util/AbstractCollectionCustomizer done
Event: 77.525 Loading class sun/reflect/generics/reflectiveObjects/GenericArrayTypeImpl
Event: 77.526 Loading class sun/reflect/generics/reflectiveObjects/GenericArrayTypeImpl done
Event: 79.792 Loading class java/lang/StackTraceElement$HashedModules
Event: 79.793 Loading class java/lang/StackTraceElement$HashedModules done
Event: 79.940 Loading class java/io/CharArrayReader
Event: 79.941 Loading class java/io/CharArrayReader done
Event: 80.817 Loading class java/lang/EnumBeanInfo
Event: 80.817 Loading class java/lang/EnumBeanInfo done
Event: 80.818 Loading class java/lang/EnumBeanInfo
Event: 80.818 Loading class java/lang/EnumBeanInfo done
Event: 80.818 Loading class java/lang/EnumCustomizer
Event: 80.819 Loading class java/lang/EnumCustomizer done
Event: 80.821 Loading class java/lang/EnumCustomizer
Event: 80.821 Loading class java/lang/EnumCustomizer done
Event: 81.178 Loading class java/beans/IntrospectionException
Event: 81.179 Loading class java/beans/IntrospectionException done
Event: 81.617 Loading class sun/reflect/generics/scope/DummyScope
Event: 81.617 Loading class sun/reflect/generics/scope/DummyScope done

Classes unloaded (0 events):
No events

Classes redefined (0 events):
No events

Internal exceptions (20 events):
Event: 92.954 Thread 0x000001de6eff75b0 Exception <a 'java/lang/ClassNotFoundException'{0x00000006192a88c8}: org/gradle/api/internal/artifacts/repositories/AbstractArtifactRepositoryBeanInfo> (0x00000006192a88c8) 
thrown [s\src\hotspot\share\classfile\systemDictionary.cpp, line 313]
Event: 92.958 Thread 0x000001de6eff75b0 Exception <a 'java/lang/ClassNotFoundException'{0x00000006192c7190}: org/gradle/api/internal/artifacts/repositories/AbstractArtifactRepositoryCustomizer> (0x00000006192c7190) 
thrown [s\src\hotspot\share\classfile\systemDictionary.cpp, line 313]
Event: 92.973 Thread 0x000001de6eff75b0 Exception <a 'java/lang/ClassNotFoundException'{0x0000000619306458}: org/gradle/api/internal/artifacts/repositories/AbstractResolutionAwareArtifactRepositoryCustomizer> (0x0000000619306458) 
thrown [s\src\hotspot\share\classfile\systemDictionary.cpp, line 313]
Event: 92.980 Thread 0x000001de6eff75b0 Exception <a 'java/lang/ClassNotFoundException'{0x000000061932e9f0}: org/gradle/api/internal/artifacts/repositories/AbstractAuthenticationSupportedRepositoryCustomizer> (0x000000061932e9f0) 
thrown [s\src\hotspot\share\classfile\systemDictionary.cpp, line 313]
Event: 92.984 Thread 0x000001de6eff75b0 Exception <a 'java/lang/ClassNotFoundException'{0x00000006193601d0}: org/gradle/api/internal/artifacts/repositories/DefaultMavenArtifactRepositoryCustomizer> (0x00000006193601d0) 
thrown [s\src\hotspot\share\classfile\systemDictionary.cpp, line 313]
Event: 92.990 Thread 0x000001de6eff75b0 Exception <a 'java/lang/ClassNotFoundException'{0x0000000619396950}: org/gradle/api/internal/artifacts/repositories/DefaultMavenArtifactRepository_DecoratedCustomizer> (0x0000000619396950) 
thrown [s\src\hotspot\share\classfile\systemDictionary.cpp, line 313]
Event: 94.279 Thread 0x000001de6eff75b0 Exception <a 'java/lang/ClassNotFoundException'{0x000000061826acc0}: build_8np3btsl5v9vuls6e097ns6cxBeanInfo> (0x000000061826acc0) 
thrown [s\src\hotspot\share\classfile\systemDictionary.cpp, line 313]
Event: 94.280 Thread 0x000001de6eff75b0 Exception <a 'java/lang/ClassNotFoundException'{0x0000000618271970}: build_8np3btsl5v9vuls6e097ns6cxCustomizer> (0x0000000618271970) 
thrown [s\src\hotspot\share\classfile\systemDictionary.cpp, line 313]
Event: 96.153 Thread 0x000001de6eff75b0 Exception <a 'java/lang/ClassNotFoundException'{0x00000006173cea10}: build_8np3btsl5v9vuls6e097ns6cxBeanInfo> (0x00000006173cea10) 
thrown [s\src\hotspot\share\classfile\systemDictionary.cpp, line 313]
Event: 96.154 Thread 0x000001de6eff75b0 Exception <a 'java/lang/ClassNotFoundException'{0x00000006173d5650}: build_8np3btsl5v9vuls6e097ns6cxCustomizer> (0x00000006173d5650) 
thrown [s\src\hotspot\share\classfile\systemDictionary.cpp, line 313]
Event: 96.410 Thread 0x000001de6eff75b0 Exception <a 'java/lang/ClassNotFoundException'{0x0000000616b57428}: build_7xqmb8e96tdcfbvifnwzuo6ckBeanInfo> (0x0000000616b57428) 
thrown [s\src\hotspot\share\classfile\systemDictionary.cpp, line 313]
Event: 96.412 Thread 0x000001de6eff75b0 Exception <a 'java/lang/ClassNotFoundException'{0x0000000616b5e0d8}: build_7xqmb8e96tdcfbvifnwzuo6ckCustomizer> (0x0000000616b5e0d8) 
thrown [s\src\hotspot\share\classfile\systemDictionary.cpp, line 313]
Event: 97.275 Thread 0x000001de6eff75b0 Exception <a 'java/lang/ClassNotFoundException'{0x000000061660e4d8}: build_7xqmb8e96tdcfbvifnwzuo6ckBeanInfo> (0x000000061660e4d8) 
thrown [s\src\hotspot\share\classfile\systemDictionary.cpp, line 313]
Event: 97.275 Thread 0x000001de6eff75b0 Exception <a 'java/lang/ClassNotFoundException'{0x0000000616615118}: build_7xqmb8e96tdcfbvifnwzuo6ckCustomizer> (0x0000000616615118) 
thrown [s\src\hotspot\share\classfile\systemDictionary.cpp, line 313]
Event: 97.460 Thread 0x000001de6eff75b0 Exception <a 'java/lang/ClassNotFoundException'{0x0000000615c47940}: build_e5lhz8l0z702w9pund1lnab7eBeanInfo> (0x0000000615c47940) 
thrown [s\src\hotspot\share\classfile\systemDictionary.cpp, line 313]
Event: 97.460 Thread 0x000001de6eff75b0 Exception <a 'java/lang/ClassNotFoundException'{0x0000000615c4e5f0}: build_e5lhz8l0z702w9pund1lnab7eCustomizer> (0x0000000615c4e5f0) 
thrown [s\src\hotspot\share\classfile\systemDictionary.cpp, line 313]
Event: 100.893 Thread 0x000001de6eff75b0 Exception <a 'java/lang/ClassNotFoundException'{0x0000000617d54ac8}: build_e5lhz8l0z702w9pund1lnab7eBeanInfo> (0x0000000617d54ac8) 
thrown [s\src\hotspot\share\classfile\systemDictionary.cpp, line 313]
Event: 100.894 Thread 0x000001de6eff75b0 Exception <a 'java/lang/ClassNotFoundException'{0x0000000617d5b708}: build_e5lhz8l0z702w9pund1lnab7eCustomizer> (0x0000000617d5b708) 
thrown [s\src\hotspot\share\classfile\systemDictionary.cpp, line 313]
Event: 102.067 Thread 0x000001de6eff75b0 Exception <a 'java/lang/ClassNotFoundException'{0x0000000617245790}: build_a7sk9xycv483l3tpmf9q3q1nzBeanInfo> (0x0000000617245790) 
thrown [s\src\hotspot\share\classfile\systemDictionary.cpp, line 313]
Event: 102.070 Thread 0x000001de6eff75b0 Exception <a 'java/lang/ClassNotFoundException'{0x000000061724c6a0}: build_a7sk9xycv483l3tpmf9q3q1nzCustomizer> (0x000000061724c6a0) 
thrown [s\src\hotspot\share\classfile\systemDictionary.cpp, line 313]

ZGC Phase Switch (0 events):
No events

VM Operations (20 events):
Event: 94.245 Executing safepoint VM operation: Cleanup done
Event: 95.742 Executing safepoint VM operation: G1CollectForAllocation (G1 Evacuation Pause)
Event: 95.757 Executing safepoint VM operation: G1CollectForAllocation (G1 Evacuation Pause) done
Event: 96.758 Executing safepoint VM operation: Cleanup
Event: 96.758 Executing safepoint VM operation: Cleanup done
Event: 96.942 Executing safepoint VM operation: G1CollectForAllocation (G1 Evacuation Pause)
Event: 96.959 Executing safepoint VM operation: G1CollectForAllocation (G1 Evacuation Pause) done
Event: 98.959 Executing safepoint VM operation: Cleanup
Event: 98.960 Executing safepoint VM operation: Cleanup done
Event: 99.284 Executing safepoint VM operation: G1CollectForAllocation (G1 Evacuation Pause)
Event: 99.300 Executing safepoint VM operation: G1CollectForAllocation (G1 Evacuation Pause) done
Event: 99.613 Executing safepoint VM operation: G1PauseRemark
Event: 99.665 Executing safepoint VM operation: G1PauseRemark done
Event: 99.788 Executing safepoint VM operation: G1PauseCleanup
Event: 99.790 Executing safepoint VM operation: G1PauseCleanup done
Event: 100.477 Executing safepoint VM operation: G1CollectForAllocation (G1 Evacuation Pause)
Event: 100.501 Executing safepoint VM operation: G1CollectForAllocation (G1 Evacuation Pause) done
Event: 101.502 Executing safepoint VM operation: Cleanup
Event: 101.503 Executing safepoint VM operation: Cleanup done
Event: 103.426 Executing safepoint VM operation: G1CollectForAllocation (G1 Evacuation Pause)

Memory protections (0 events):
No events

Nmethod flushes (20 events):
Event: 99.662 Thread 0x000001de7d6bb4c0 flushing  nmethod 0x000001de00dc0590
Event: 99.662 Thread 0x000001de7d6bb4c0 flushing  nmethod 0x000001de00ddde90
Event: 99.662 Thread 0x000001de7d6bb4c0 flushing  nmethod 0x000001de01100990
Event: 99.662 Thread 0x000001de7d6bb4c0 flushing  nmethod 0x000001de0002af10
Event: 99.662 Thread 0x000001de7d6bb4c0 flushing  nmethod 0x000001de00199a10
Event: 99.662 Thread 0x000001de7d6bb4c0 flushing  nmethod 0x000001de001c2490
Event: 99.662 Thread 0x000001de7d6bb4c0 flushing  nmethod 0x000001de001c2890
Event: 99.662 Thread 0x000001de7d6bb4c0 flushing  nmethod 0x000001de00308d10
Event: 99.662 Thread 0x000001de7d6bb4c0 flushing  nmethod 0x000001de0030e790
Event: 99.662 Thread 0x000001de7d6bb4c0 flushing  nmethod 0x000001de00403690
Event: 99.662 Thread 0x000001de7d6bb4c0 flushing  nmethod 0x000001de00405210
Event: 99.662 Thread 0x000001de7d6bb4c0 flushing  nmethod 0x000001de00bbd590
Event: 99.662 Thread 0x000001de7d6bb4c0 flushing  nmethod 0x000001de00c3ea10
Event: 99.662 Thread 0x000001de7d6bb4c0 flushing  nmethod 0x000001de00c48d90
Event: 99.662 Thread 0x000001de7d6bb4c0 flushing  nmethod 0x000001de00ca9e90
Event: 99.663 Thread 0x000001de7d6bb4c0 flushing  nmethod 0x000001de00ce4a90
Event: 99.663 Thread 0x000001de7d6bb4c0 flushing  nmethod 0x000001de0110de90
Event: 99.663 Thread 0x000001de7d6bb4c0 flushing  nmethod 0x000001de0115a410
Event: 99.663 Thread 0x000001de7d6bb4c0 flushing  nmethod 0x000001de01164b90
Event: 99.663 Thread 0x000001de7d6bb4c0 flushing  nmethod 0x000001de015aab90

Events (20 events):
Event: 73.684 Thread 0x000001de6eff75b0 Thread added: 0x000001de7164d2c0
Event: 73.688 Thread 0x000001de6eff75b0 Thread added: 0x000001de7164cc30
Event: 73.691 Thread 0x000001de6eff75b0 Thread added: 0x000001de7164bf10
Event: 77.095 Thread 0x000001de6eff75b0 Thread added: 0x000001de7164f390
Event: 77.446 Thread 0x000001de74225250 Thread exited: 0x000001de74225250
Event: 77.946 Thread 0x000001de7d6f4dd0 Thread added: 0x000001de74227b30
Event: 78.063 Thread 0x000001de74227b30 Thread exited: 0x000001de74227b30
Event: 79.756 Thread 0x000001de6eff75b0 Thread added: 0x000001de7164ed00
Event: 80.011 Thread 0x000001de6eff75b0 Thread added: 0x000001de7164fa20
Event: 81.790 Thread 0x000001de6eff75b0 Thread added: 0x000001de71655600
Event: 83.199 Thread 0x000001de6eff75b0 Thread added: 0x000001de71654250
Event: 83.992 Thread 0x000001de6eff75b0 Thread added: 0x000001de71652ea0
Event: 85.551 Thread 0x000001de6eff75b0 Thread added: 0x000001de71652810
Event: 86.038 Thread 0x000001de6eff75b0 Thread added: 0x000001de71654f70
Event: 87.431 Thread 0x000001de6eff75b0 Thread added: 0x000001de71657040
Event: 88.269 Thread 0x000001de6eff75b0 Thread added: 0x000001de71658a80
Event: 89.492 Thread 0x000001de6eff75b0 Thread added: 0x000001de71659110
Event: 90.176 Thread 0x000001de6eff75b0 Thread added: 0x000001de716583f0
Event: 90.349 Thread 0x000001de6eff75b0 Thread added: 0x000001de716597a0
Event: 102.908 Thread 0x000001de7d6f4dd0 Thread added: 0x000001de719125a0


Dynamic libraries:
0x00007ff682f70000 - 0x00007ff682f7e000 	C:\Users\Ridhima Karpoor\.vscode\extensions\redhat.java-1.56.0-win32-x64\jre\21.0.12.1-win32-x86_64\bin\java.exe
0x00007ffde3e80000 - 0x00007ffde40e6000 	C:\WINDOWS\SYSTEM32\ntdll.dll
0x00007ffde2ef0000 - 0x00007ffde2fb9000 	C:\WINDOWS\System32\KERNEL32.DLL
0x00007ffde14c0000 - 0x00007ffde18bf000 	C:\WINDOWS\System32\KERNELBASE.dll
0x00007ffde1200000 - 0x00007ffde134c000 	C:\WINDOWS\System32\ucrtbase.dll
0x00007ffdbb7d0000 - 0x00007ffdbb7ee000 	C:\Users\Ridhima Karpoor\.vscode\extensions\redhat.java-1.56.0-win32-x64\jre\21.0.12.1-win32-x86_64\bin\VCRUNTIME140.dll
0x00007ffdbb7b0000 - 0x00007ffdbb7c8000 	C:\Users\Ridhima Karpoor\.vscode\extensions\redhat.java-1.56.0-win32-x64\jre\21.0.12.1-win32-x86_64\bin\jli.dll
0x00007ffde3bc0000 - 0x00007ffde3d86000 	C:\WINDOWS\System32\USER32.dll
0x00007ffde1360000 - 0x00007ffde1387000 	C:\WINDOWS\System32\win32u.dll
0x00007ffde37c0000 - 0x00007ffde37eb000 	C:\WINDOWS\System32\GDI32.dll
0x00007ffde1390000 - 0x00007ffde14b9000 	C:\WINDOWS\System32\gdi32full.dll
0x00007ffde1150000 - 0x00007ffde11f3000 	C:\WINDOWS\System32\msvcp_win.dll
0x00007ffdbd180000 - 0x00007ffdbd411000 	C:\WINDOWS\WinSxS\amd64_microsoft.windows.common-controls_6595b64144ccf1df_6.0.26100.8972_none_3e0da176e32f9d4b\COMCTL32.dll
0x00007ffde3d90000 - 0x00007ffde3e39000 	C:\WINDOWS\System32\msvcrt.dll
0x00007ffde37f0000 - 0x00007ffde3822000 	C:\WINDOWS\System32\IMM32.DLL
0x00007ffdc29f0000 - 0x00007ffdc29fc000 	C:\Users\Ridhima Karpoor\.vscode\extensions\redhat.java-1.56.0-win32-x64\jre\21.0.12.1-win32-x86_64\bin\vcruntime140_1.dll
0x00007ffdbb720000 - 0x00007ffdbb7ad000 	C:\Users\Ridhima Karpoor\.vscode\extensions\redhat.java-1.56.0-win32-x64\jre\21.0.12.1-win32-x86_64\bin\msvcp140.dll
0x00007ffd4a670000 - 0x00007ffd4b412000 	C:\Users\Ridhima Karpoor\.vscode\extensions\redhat.java-1.56.0-win32-x64\jre\21.0.12.1-win32-x86_64\bin\server\jvm.dll
0x00007ffde3100000 - 0x00007ffde31bc000 	C:\WINDOWS\System32\ADVAPI32.dll
0x00007ffde2260000 - 0x00007ffde230a000 	C:\WINDOWS\System32\sechost.dll
0x00007ffde2fe0000 - 0x00007ffde30f8000 	C:\WINDOWS\System32\RPCRT4.dll
0x00007ffde1bd0000 - 0x00007ffde1c52000 	C:\WINDOWS\System32\WS2_32.dll
0x00007ffdd8ea0000 - 0x00007ffdd8ed6000 	C:\WINDOWS\SYSTEM32\WINMM.dll
0x00007ffde0ef0000 - 0x00007ffde0f4e000 	C:\WINDOWS\SYSTEM32\POWRPROF.dll
0x00007ffdccb80000 - 0x00007ffdccb8b000 	C:\WINDOWS\SYSTEM32\VERSION.dll
0x00007ffde0ed0000 - 0x00007ffde0ee5000 	C:\WINDOWS\SYSTEM32\UMPDC.dll
0x00007ffddfce0000 - 0x00007ffddfcfb000 	C:\WINDOWS\SYSTEM32\kernel.appcore.dll
0x00007ffdc2970000 - 0x00007ffdc297a000 	C:\Users\Ridhima Karpoor\.vscode\extensions\redhat.java-1.56.0-win32-x64\jre\21.0.12.1-win32-x86_64\bin\jimage.dll
0x00007ffdde640000 - 0x00007ffdde882000 	C:\WINDOWS\SYSTEM32\DBGHELP.DLL
0x00007ffde3370000 - 0x00007ffde36f5000 	C:\WINDOWS\System32\combase.dll
0x00007ffde2e00000 - 0x00007ffde2ed9000 	C:\WINDOWS\System32\OLEAUT32.dll
0x00007ffdb71e0000 - 0x00007ffdb721b000 	C:\WINDOWS\SYSTEM32\dbgcore.DLL
0x00007ffde18d0000 - 0x00007ffde197c000 	C:\WINDOWS\System32\bcryptPrimitives.dll
0x00007ffdc4a30000 - 0x00007ffdc4a3f000 	C:\Users\Ridhima Karpoor\.vscode\extensions\redhat.java-1.56.0-win32-x64\jre\21.0.12.1-win32-x86_64\bin\instrument.dll
0x00007ffdbb700000 - 0x00007ffdbb720000 	C:\Users\Ridhima Karpoor\.vscode\extensions\redhat.java-1.56.0-win32-x64\jre\21.0.12.1-win32-x86_64\bin\java.dll
0x00007ffde2670000 - 0x00007ffde2df8000 	C:\WINDOWS\System32\SHELL32.dll
0x00007ffddeb20000 - 0x00007ffddf3bb000 	C:\WINDOWS\SYSTEM32\windows.storage.dll
0x00007ffde2570000 - 0x00007ffde2669000 	C:\WINDOWS\System32\SHCORE.dll
0x00007ffde1cf0000 - 0x00007ffde1d56000 	C:\WINDOWS\System32\shlwapi.dll
0x00007ffde0fb0000 - 0x00007ffde0fd9000 	C:\WINDOWS\SYSTEM32\profapi.dll
0x00007ffdbb530000 - 0x00007ffdbb548000 	C:\Users\Ridhima Karpoor\.vscode\extensions\redhat.java-1.56.0-win32-x64\jre\21.0.12.1-win32-x86_64\bin\zip.dll
0x00007ffdc0a40000 - 0x00007ffdc0a50000 	C:\Users\Ridhima Karpoor\.vscode\extensions\redhat.java-1.56.0-win32-x64\jre\21.0.12.1-win32-x86_64\bin\net.dll
0x00007ffdd4dc0000 - 0x00007ffdd4ee8000 	C:\WINDOWS\SYSTEM32\WINHTTP.dll
0x00007ffde0330000 - 0x00007ffde039c000 	C:\WINDOWS\system32\mswsock.dll
0x00007ffda3750000 - 0x00007ffda3766000 	C:\Users\Ridhima Karpoor\.vscode\extensions\redhat.java-1.56.0-win32-x64\jre\21.0.12.1-win32-x86_64\bin\nio.dll
0x00007ffdcf270000 - 0x00007ffdcf280000 	C:\Users\Ridhima Karpoor\.vscode\extensions\redhat.java-1.56.0-win32-x64\jre\21.0.12.1-win32-x86_64\bin\verify.dll
0x00007ffdc4ad0000 - 0x00007ffdc4af7000 	C:\Users\Ridhima Karpoor\.gradle\native\1def1411415f61bf3af743bc5b6707747c0891f09f0c88961ee8f79bc544acac\windows-amd64\native-platform.dll
0x000000006b540000 - 0x000000006b5b3000 	C:\Users\Ridhima Karpoor\.gradle\native\0.2.5\x86_64-windows-gnu\gradle-fileevents.dll
0x00007ffdce430000 - 0x00007ffdce43a000 	C:\Users\Ridhima Karpoor\.vscode\extensions\redhat.java-1.56.0-win32-x64\jre\21.0.12.1-win32-x86_64\bin\management.dll
0x00007ffdce420000 - 0x00007ffdce42c000 	C:\Users\Ridhima Karpoor\.vscode\extensions\redhat.java-1.56.0-win32-x64\jre\21.0.12.1-win32-x86_64\bin\management_ext.dll
0x00007ffde2ee0000 - 0x00007ffde2ee8000 	C:\WINDOWS\System32\PSAPI.DLL
0x00007ffde0620000 - 0x00007ffde063b000 	C:\WINDOWS\SYSTEM32\CRYPTSP.dll
0x00007ffddfd00000 - 0x00007ffddfd39000 	C:\WINDOWS\system32\rsaenh.dll
0x00007ffde03e0000 - 0x00007ffde0412000 	C:\WINDOWS\SYSTEM32\USERENV.dll
0x00007ffde0f80000 - 0x00007ffde0faa000 	C:\WINDOWS\SYSTEM32\bcrypt.dll
0x00007ffde0640000 - 0x00007ffde064c000 	C:\WINDOWS\SYSTEM32\CRYPTBASE.dll
0x00007ffddf780000 - 0x00007ffddf7b3000 	C:\WINDOWS\SYSTEM32\IPHLPAPI.DLL
0x00007ffde1ce0000 - 0x00007ffde1cea000 	C:\WINDOWS\System32\NSI.dll
0x00007ffdc4a50000 - 0x00007ffdc4a59000 	C:\Users\Ridhima Karpoor\.vscode\extensions\redhat.java-1.56.0-win32-x64\jre\21.0.12.1-win32-x86_64\bin\extnet.dll
0x00007ffdc2b80000 - 0x00007ffdc2b8e000 	C:\Users\Ridhima Karpoor\.vscode\extensions\redhat.java-1.56.0-win32-x64\jre\21.0.12.1-win32-x86_64\bin\sunmscapi.dll
0x00007ffde1990000 - 0x00007ffde1b0e000 	C:\WINDOWS\System32\CRYPT32.dll
0x00007ffde0860000 - 0x00007ffde0890000 	C:\WINDOWS\SYSTEM32\ncrypt.dll
0x00007ffde0810000 - 0x00007ffde084f000 	C:\WINDOWS\SYSTEM32\NTASN1.dll
0x00007ffdb9810000 - 0x00007ffdb9818000 	C:\WINDOWS\system32\wshunix.dll
0x000000006b440000 - 0x000000006b4b3000 	C:\Users\Ridhima Karpoor\AppData\Local\Temp\native-platform4672203045139998013dir\gradle-fileevents.dll
0x00007ffdb4cd0000 - 0x00007ffdb4ce8000 	C:\WINDOWS\system32\napinsp.dll
0x00007ffddf820000 - 0x00007ffddf978000 	C:\WINDOWS\SYSTEM32\DNSAPI.dll
0x00007ffde0110000 - 0x00007ffde011d000 	C:\WINDOWS\SYSTEM32\DSPARSE.dll
0x00007ffdb4cb0000 - 0x00007ffdb4cc3000 	C:\WINDOWS\System32\winrnr.dll
0x00007ffdb4c80000 - 0x00007ffdb4ca2000 	C:\WINDOWS\system32\nlansp_c.dll
0x00007ffdccc40000 - 0x00007ffdccc56000 	C:\WINDOWS\system32\wshbth.dll
0x00007ffdce3c0000 - 0x00007ffdce3cb000 	C:\Windows\System32\rasadhlp.dll
0x00007ffdd7010000 - 0x00007ffdd7096000 	C:\WINDOWS\System32\fwpuclnt.dll
0x00007ffdd8af0000 - 0x00007ffdd8af7000 	C:\Users\Ridhima Karpoor\.vscode\extensions\redhat.java-1.56.0-win32-x64\jre\21.0.12.1-win32-x86_64\bin\rmi.dll

JVMTI agents:
C:\Users\Ridhima Karpoor\.gradle\wrapper\dists\gradle-8.12-all\ejduaidbjup3bmmkhw3rie4zb\gradle-8.12\lib\agents\gradle-instrumentation-agent-8.12.jar path:C:\Users\Ridhima Karpoor\.vscode\extensions\redhat.java-1.56.0-win32-x64\jre\21.0.12.1-win32-x86_64\bin\instrument.dll, loaded, initialized, instrumentlib options:none

dbghelp: loaded successfully - version: 4.0.5 - missing functions: none
symbol engine: initialized successfully - sym options: 0x614 - pdb path: .;C:\Users\Ridhima Karpoor\.vscode\extensions\redhat.java-1.56.0-win32-x64\jre\21.0.12.1-win32-x86_64\bin;C:\WINDOWS\SYSTEM32;C:\WINDOWS\WinSxS\amd64_microsoft.windows.common-controls_6595b64144ccf1df_6.0.26100.8972_none_3e0da176e32f9d4b;C:\Users\Ridhima Karpoor\.vscode\extensions\redhat.java-1.56.0-win32-x64\jre\21.0.12.1-win32-x86_64\bin\server;C:\Users\Ridhima Karpoor\.gradle\native\1def1411415f61bf3af743bc5b6707747c0891f09f0c88961ee8f79bc544acac\windows-amd64;C:\Users\Ridhima Karpoor\.gradle\native\0.2.5\x86_64-windows-gnu;C:\Users\Ridhima Karpoor\AppData\Local\Temp\native-platform4672203045139998013dir

VM Arguments:
jvm_args: --add-opens=java.base/java.lang=ALL-UNNAMED --add-opens=java.base/java.lang.invoke=ALL-UNNAMED --add-opens=java.base/java.util=ALL-UNNAMED --add-opens=java.prefs/java.util.prefs=ALL-UNNAMED --add-exports=jdk.compiler/com.sun.tools.javac.api=ALL-UNNAMED --add-exports=jdk.compiler/com.sun.tools.javac.util=ALL-UNNAMED --add-opens=java.base/java.util=ALL-UNNAMED --add-opens=java.prefs/java.util.prefs=ALL-UNNAMED --add-opens=java.base/java.nio.charset=ALL-UNNAMED --add-opens=java.base/java.net=ALL-UNNAMED --add-opens=java.base/java.util.concurrent.atomic=ALL-UNNAMED --add-opens=java.xml/javax.xml.namespace=ALL-UNNAMED -XX:MaxMetaspaceSize=4G -XX:ReservedCodeCacheSize=512m -XX:+HeapDumpOnOutOfMemoryError -Xmx8G -Dfile.encoding=UTF-8 -Duser.country=IN -Duser.language=en -Duser.variant -javaagent:C:\Users\Ridhima Karpoor\.gradle\wrapper\dists\gradle-8.12-all\ejduaidbjup3bmmkhw3rie4zb\gradle-8.12\lib\agents\gradle-instrumentation-agent-8.12.jar 
java_command: org.gradle.launcher.daemon.bootstrap.GradleDaemon 8.12
java_class_path (initial): C:\Users\Ridhima Karpoor\.gradle\wrapper\dists\gradle-8.12-all\ejduaidbjup3bmmkhw3rie4zb\gradle-8.12\lib\gradle-daemon-main-8.12.jar
Launcher Type: SUN_STANDARD

[Global flags]
     intx CICompilerCount                          = 4                                         {product} {ergonomic}
     uint ConcGCThreads                            = 3                                         {product} {ergonomic}
     uint G1ConcRefinementThreads                  = 10                                        {product} {ergonomic}
   size_t G1HeapRegionSize                         = 4194304                                   {product} {ergonomic}
    uintx GCDrainStackTargetSize                   = 64                                        {product} {ergonomic}
     bool HeapDumpOnOutOfMemoryError               = true                                   {manageable} {command line}
   size_t InitialHeapSize                          = 130023424                                 {product} {ergonomic}
   size_t MarkStackSize                            = 4194304                                   {product} {ergonomic}
   size_t MaxHeapSize                              = 8589934592                                {product} {command line}
   size_t MaxMetaspaceSize                         = 4294967296                                {product} {command line}
   size_t MaxNewSize                               = 5150605312                                {product} {ergonomic}
   size_t MinHeapDeltaBytes                        = 4194304                                   {product} {ergonomic}
   size_t MinHeapSize                              = 8388608                                   {product} {ergonomic}
    uintx NonNMethodCodeHeapSize                   = 5839372                                {pd product} {ergonomic}
    uintx NonProfiledCodeHeapSize                  = 265515770                              {pd product} {ergonomic}
    uintx ProfiledCodeHeapSize                     = 265515770                              {pd product} {ergonomic}
    uintx ReservedCodeCacheSize                    = 536870912                              {pd product} {command line}
     bool SegmentedCodeCache                       = true                                      {product} {ergonomic}
   size_t SoftMaxHeapSize                          = 8589934592                             {manageable} {ergonomic}
     bool UseCompressedOops                        = true                           {product lp64_product} {ergonomic}
     bool UseG1GC                                  = true                                      {product} {ergonomic}
     bool UseLargePagesIndividualAllocation        = false                                  {pd product} {ergonomic}

Logging:
Log output configuration:
 #0: stdout all=warning uptime,level,tags foldmultilines=false
 #1: stderr all=off uptime,level,tags foldmultilines=false

Release file:
JAVA_VERSION="21.0.12.1" 
MODULES="java.base java.compiler java.datatransfer java.xml java.prefs java.desktop java.instrument java.logging java.management java.security.sasl java.naming java.rmi java.management.rmi java.net.http java.scripting java.security.jgss java.transaction.xa java.sql java.sql.rowset java.xml.crypto java.se java.smartcardio jdk.accessibility jdk.internal.jvmstat jdk.attach jdk.charsets jdk.internal.opt jdk.zipfs jdk.compiler jdk.crypto.ec jdk.crypto.cryptoki jdk.crypto.mscapi jdk.dynalink jdk.internal.ed jdk.editpad jdk.hotspot.agent jdk.httpserver jdk.internal.le jdk.internal.vm.ci jdk.internal.vm.compiler jdk.internal.vm.compiler.management jdk.jartool jdk.javadoc jdk.jcmd jdk.management jdk.management.agent jdk.jconsole jdk.jdeps jdk.jdwp.agent jdk.jdi jdk.jfr jdk.jshell jdk.jsobject jdk.jstatd jdk.localedata jdk.management.jfr jdk.naming.dns jdk.naming.rmi jdk.net jdk.nio.mapmode jdk.random jdk.sctp jdk.security.auth jdk.security.jgss jdk.unsupported jdk.unsupported.desktop jdk.xml.dom" 

Environment Variables:
JAVA_HOME=C:\Program Files\Java\jdk-17
PATH=C:\Program Files\Python313\Scripts\;C:\Program Files\Python313\;C:\windows\system32;C:\windows;C:\windows\System32\Wbem;C:\windows\System32\WindowsPowerShell\v1.0\;C:\windows\System32\OpenSSH\;C:\Program Files\Git\cmd;C:\Program Files\Git\mingw64\bin;C:\Program Files\Git\usr\bin;C:\Users\Ridhima Karpoor\AppData\Local\Android\Sdk\platform-tools;C:\Program Files\Java\jdk-17\bin;C:\Program Files\Java\jdk-17\bin;C:\Program Files\nodejs\;C:\ProgramData\chocolatey\bin;C:\Users\Ridhima Karpoor\AppData\Local\Pub\Cache\bin;C:\Program Files (x86)\Windows Kits\10\Windows Performance Toolkit\;C:\WINDOWS\system32;C:\WINDOWS;C:\WINDOWS\System32\Wbem;C:\WINDOWS\System32\WindowsPowerShell\v1.0\;C:\WINDOWS\System32\OpenSSH\;C:\ProgramData\chocolatey\bin;D:\MongoDB\mongosh-2.5.2-win32-x64\bin;C:\Program Files\MongoDB\Server\8.0\bin;C:\Users\Ridhima Karpoor\AppData\Roaming\Python\Python313\Scripts;C:\Program Files\dotnet\;C:\Program Files\Docker\Docker\resources\bin;D:\Anaconda;D:\Anaconda\Library\mingw-w64\bin;D:\Anaconda\Library\usr\bin;D:\Anaconda\Library\bin;D:\Anaconda\Scripts;C:\Users\Ridhima Karpoor\AppData\Local\Microsoft\WindowsApps;C:\Users\Ridhima Karpoor\AppData\Local\Programs\Microsoft VS Code\bin;C:\MinGW\bin;C:\Flutter dev\flutter_windows_3.24.3-stable\flutter\bin;C:\Users\Ridhima Karpoor\AppData\Roaming\npm;C:\Users\Ridhima Karpoor\AppData\Roaming\Python\Python313\Scripts;C:\Users\Ridhima Karpoor\AppData\Local\Programs\Ollama;C:\Flutter downloads\flutter_windows_3.24.3-stable\flutter\bin;D:\postgres\bin;C:\Users\Ridhima Karpoor\AppData\Local\Programs\Antigravity IDE\bin
USERNAME=Ridhima Karpoor
OS=Windows_NT
PROCESSOR_IDENTIFIER=Intel64 Family 6 Model 154 Stepping 4, GenuineIntel
TMP=C:\Users\RIDHIM~1\AppData\Local\Temp
TEMP=C:\Users\RIDHIM~1\AppData\Local\Temp




Periodic native trim disabled

---------------  S Y S T E M  ---------------

OS:
 Windows 11 , 64 bit Build 26100 (10.0.26100.9168)
OS uptime: 0 days 2:30 hours
Hyper-V role detected

CPU: total 12 (initial active 12) (6 cores per cpu, 2 threads per core) family 6 model 154 stepping 4 microcode 0x432, cx8, cmov, fxsr, ht, mmx, 3dnowpref, sse, sse2, sse3, ssse3, sse4.1, sse4.2, popcnt, lzcnt, tsc, tscinvbit, avx, avx2, aes, erms, clmul, bmi1, bmi2, adx, sha, fma, vzeroupper, clflush, clflushopt, clwb, hv, serialize, rdtscp, rdpid, fsrm, f16c, cet_ibt, cet_ss
Processor Information for processor 0
  Max Mhz: 1300, Current Mhz: 1300, Mhz Limit: 1300
Processor Information for processor 1
  Max Mhz: 1300, Current Mhz: 1300, Mhz Limit: 1300
Processor Information for processor 2
  Max Mhz: 1300, Current Mhz: 1300, Mhz Limit: 1300
Processor Information for processor 3
  Max Mhz: 1300, Current Mhz: 1300, Mhz Limit: 1300
Processor Information for processor 4
  Max Mhz: 1300, Current Mhz: 900, Mhz Limit: 897
Processor Information for processor 5
  Max Mhz: 1300, Current Mhz: 900, Mhz Limit: 897
Processor Information for processor 6
  Max Mhz: 1300, Current Mhz: 900, Mhz Limit: 897
Processor Information for processor 7
  Max Mhz: 1300, Current Mhz: 900, Mhz Limit: 897
Processor Information for processor 8
  Max Mhz: 1300, Current Mhz: 900, Mhz Limit: 897
Processor Information for processor 9
  Max Mhz: 1300, Current Mhz: 900, Mhz Limit: 897
Processor Information for processor 10
  Max Mhz: 1300, Current Mhz: 900, Mhz Limit: 897
Processor Information for processor 11
  Max Mhz: 1300, Current Mhz: 900, Mhz Limit: 897

Memory: 4k page, system-wide physical 7863M (309M free)
TotalPageFile size 32439M (AvailPageFile size 69M)
current process WorkingSet (physical memory assigned to process): 527M, peak: 567M
current process commit charge ("private bytes"): 834M, peak: 925M

vm_info: OpenJDK 64-Bit Server VM (21.0.12.1+1-LTS) for windows-amd64 JRE (21.0.12.1+1-LTS), built on 2026-08-18T00:00:00Z by "admin" with MS VC++ 17.12 (VS2022)

END.
